productId,name,category,subcategory,day,simulatedPrice
6nSEgUryjqDboXGqkosN,asdcasdcasdcar,unknown,unknown,1,1111.00
6nSEgUryjqDboXGqkosN,asdcasdcasdcar,unknown,unknown,2,1111.00
6nSEgUryjqDboXGqkosN,asdcasdcasdcar,unknown,unknown,3,1111.00
6nSEgUryjqDboXGqkosN,asdcasdcasdcar,unknown,unknown,4,1111.00
6nSEgUryjqDboXGqkosN,asdcasdcasdcar,unknown,unknown,5,1111.00
EGES94biUYRxXCdIbM5d,Wooden Dining Table,unknown,unknown,1,779.99
EGES94biUYRxXCdIbM5d,Wooden Dining Table,unknown,unknown,2,779.99
EGES94biUYRxXCdIbM5d,Wooden Dining Table,unknown,unknown,3,779.99
EGES94biUYRxXCdIbM5d,Wooden Dining Table,unknown,unknown,4,779.99
EGES94biUYRxXCdIbM5d,Wooden Dining Table,unknown,unknown,5,779.99
EGES94biUYRxXCdIbM5d,Wooden Dining Table,unknown,unknown,6,779.99
EGES94biUYRxXCdIbM5d,Wooden Dining Table,unknown,unknown,7,779.99
EGES94biUYRxXCdIbM5d,Wooden Dining Table,unknown,unknown,8,779.99
EGES94biUYRxXCdIbM5d,Wooden Dining Table,unknown,unknown,9,779.99
EGES94biUYRxXCdIbM5d,Wooden Dining Table,unknown,unknown,10,779.99
EGES94biUYRxXCdIbM5d,Wooden Dining Table,unknown,unknown,11,779.99
EGES94biUYRxXCdIbM5d,Wooden Dining Table,unknown,unknown,12,779.99
EGES94biUYRxXCdIbM5d,Wooden Dining Table,unknown,unknown,13,779.99
EGES94biUYRxXCdIbM5d,Wooden Dining Table,unknown,unknown,14,779.99
EGES94biUYRxXCdIbM5d,Wooden Dining Table,unknown,unknown,15,779.99
EGES94biUYRxXCdIbM5d,Wooden Dining Table,unknown,unknown,16,779.99
EGES94biUYRxXCdIbM5d,Wooden Dining Table,unknown,unknown,17,779.99
EGES94biUYRxXCdIbM5d,Wooden Dining Table,unknown,unknown,18,779.99
EGES94biUYRxXCdIbM5d,Wooden Dining Table,unknown,unknown,19,779.99
EGES94biUYRxXCdIbM5d,Wooden Dining Table,unknown,unknown,20,779.99
EGES94biUYRxXCdIbM5d,Wooden Dining Table,unknown,unknown,21,779.99
EGES94biUYRxXCdIbM5d,Wooden Dining Table,unknown,unknown,22,779.99
EGES94biUYRxXCdIbM5d,Wooden Dining Table,unknown,unknown,23,779.99
EGES94biUYRxXCdIbM5d,Wooden Dining Table,unknown,unknown,24,779.99
EGES94biUYRxXCdIbM5d,Wooden Dining Table,unknown,unknown,25,779.99
EGES94biUYRxXCdIbM5d,Wooden Dining Table,unknown,unknown,26,779.99
EGES94biUYRxXCdIbM5d,Wooden Dining Table,unknown,unknown,27,779.99
EGES94biUYRxXCdIbM5d,Wooden Dining Table,unknown,unknown,28,779.99
EGES94biUYRxXCdIbM5d,Wooden Dining Table,unknown,unknown,29,779.99
EGES94biUYRxXCdIbM5d,Wooden Dining Table,unknown,unknown,30,779.99
EGES94biUYRxXCdIbM5d,Wooden Dining Table,unknown,unknown,31,779.99
EGES94biUYRxXCdIbM5d,Wooden Dining Table,unknown,unknown,32,779.99
EGES94biUYRxXCdIbM5d,Wooden Dining Table,unknown,unknown,33,779.99
EGES94biUYRxXCdIbM5d,Wooden Dining Table,unknown,unknown,34,779.99
EGES94biUYRxXCdIbM5d,Wooden Dining Table,unknown,unknown,35,779.99
EGES94biUYRxXCdIbM5d,Wooden Dining Table,unknown,unknown,36,779.99
EGES94biUYRxXCdIbM5d,Wooden Dining Table,unknown,unknown,37,779.99
EGES94biUYRxXCdIbM5d,Wooden Dining Table,unknown,unknown,38,779.99
EGES94biUYRxXCdIbM5d,Wooden Dining Table,unknown,unknown,39,779.99
EGES94biUYRxXCdIbM5d,Wooden Dining Table,unknown,unknown,40,779.99
EGES94biUYRxXCdIbM5d,Wooden Dining Table,unknown,unknown,41,779.99
EGES94biUYRxXCdIbM5d,Wooden Dining Table,unknown,unknown,42,779.99
EGES94biUYRxXCdIbM5d,Wooden Dining Table,unknown,unknown,43,779.99
EGES94biUYRxXCdIbM5d,Wooden Dining Table,unknown,unknown,44,779.99
EGES94biUYRxXCdIbM5d,Wooden Dining Table,unknown,unknown,45,779.99
EGES94biUYRxXCdIbM5d,Wooden Dining Table,unknown,unknown,46,779.99
EGES94biUYRxXCdIbM5d,Wooden Dining Table,unknown,unknown,47,779.99
EGES94biUYRxXCdIbM5d,Wooden Dining Table,unknown,unknown,48,779.99
EGES94biUYRxXCdIbM5d,Wooden Dining Table,unknown,unknown,49,779.99
EGES94biUYRxXCdIbM5d,Wooden Dining Table,unknown,unknown,50,779.99
EGES94biUYRxXCdIbM5d,Wooden Dining Table,unknown,unknown,51,779.99
EGES94biUYRxXCdIbM5d,Wooden Dining Table,unknown,unknown,52,779.99
EGES94biUYRxXCdIbM5d,Wooden Dining Table,unknown,unknown,53,779.99
EGES94biUYRxXCdIbM5d,Wooden Dining Table,unknown,unknown,54,779.99
EGES94biUYRxXCdIbM5d,Wooden Dining Table,unknown,unknown,55,779.99
EGES94biUYRxXCdIbM5d,Wooden Dining Table,unknown,unknown,56,779.99
EGES94biUYRxXCdIbM5d,Wooden Dining Table,unknown,unknown,57,779.99
EGES94biUYRxXCdIbM5d,Wooden Dining Table,unknown,unknown,58,779.99
EGES94biUYRxXCdIbM5d,Wooden Dining Table,unknown,unknown,59,779.99
EGES94biUYRxXCdIbM5d,Wooden Dining Table,unknown,unknown,60,779.99
EGES94biUYRxXCdIbM5d,Wooden Dining Table,unknown,unknown,61,779.99
EGES94biUYRxXCdIbM5d,Wooden Dining Table,unknown,unknown,62,779.99
EGES94biUYRxXCdIbM5d,Wooden Dining Table,unknown,unknown,63,779.99
EGES94biUYRxXCdIbM5d,Wooden Dining Table,unknown,unknown,64,779.99
EGES94biUYRxXCdIbM5d,Wooden Dining Table,unknown,unknown,65,779.99
EGES94biUYRxXCdIbM5d,Wooden Dining Table,unknown,unknown,66,779.99
EGES94biUYRxXCdIbM5d,Wooden Dining Table,unknown,unknown,67,779.99
EGES94biUYRxXCdIbM5d,Wooden Dining Table,unknown,unknown,68,779.99
EGES94biUYRxXCdIbM5d,Wooden Dining Table,unknown,unknown,69,779.99
EGES94biUYRxXCdIbM5d,Wooden Dining Table,unknown,unknown,70,779.99
EGES94biUYRxXCdIbM5d,Wooden Dining Table,unknown,unknown,71,779.99
EGES94biUYRxXCdIbM5d,Wooden Dining Table,unknown,unknown,72,779.99
EGES94biUYRxXCdIbM5d,Wooden Dining Table,unknown,unknown,73,779.99
EGES94biUYRxXCdIbM5d,Wooden Dining Table,unknown,unknown,74,779.99
EGES94biUYRxXCdIbM5d,Wooden Dining Table,unknown,unknown,75,779.99
EGES94biUYRxXCdIbM5d,Wooden Dining Table,unknown,unknown,76,779.99
EGES94biUYRxXCdIbM5d,Wooden Dining Table,unknown,unknown,77,779.99
EGES94biUYRxXCdIbM5d,Wooden Dining Table,unknown,unknown,78,779.99
EGES94biUYRxXCdIbM5d,Wooden Dining Table,unknown,unknown,79,779.99
EGES94biUYRxXCdIbM5d,Wooden Dining Table,unknown,unknown,80,779.99
EGES94biUYRxXCdIbM5d,Wooden Dining Table,unknown,unknown,81,779.99
EGES94biUYRxXCdIbM5d,Wooden Dining Table,unknown,unknown,82,779.99
EGES94biUYRxXCdIbM5d,Wooden Dining Table,unknown,unknown,83,779.99
EGES94biUYRxXCdIbM5d,Wooden Dining Table,unknown,unknown,84,779.99
EGES94biUYRxXCdIbM5d,Wooden Dining Table,unknown,unknown,85,779.99
EGES94biUYRxXCdIbM5d,Wooden Dining Table,unknown,unknown,86,779.99
EGES94biUYRxXCdIbM5d,Wooden Dining Table,unknown,unknown,87,779.99
EGES94biUYRxXCdIbM5d,Wooden Dining Table,unknown,unknown,88,779.99
EGES94biUYRxXCdIbM5d,Wooden Dining Table,unknown,unknown,89,779.99
EGES94biUYRxXCdIbM5d,Wooden Dining Table,unknown,unknown,90,779.99
EGES94biUYRxXCdIbM5d,Wooden Dining Table,unknown,unknown,91,779.99
EGES94biUYRxXCdIbM5d,Wooden Dining Table,unknown,unknown,92,779.99
EGES94biUYRxXCdIbM5d,Wooden Dining Table,unknown,unknown,93,779.99
EGES94biUYRxXCdIbM5d,Wooden Dining Table,unknown,unknown,94,779.99
EGES94biUYRxXCdIbM5d,Wooden Dining Table,unknown,unknown,95,779.99
EGES94biUYRxXCdIbM5d,Wooden Dining Table,unknown,unknown,96,779.99
EGES94biUYRxXCdIbM5d,Wooden Dining Table,unknown,unknown,97,779.99
EGES94biUYRxXCdIbM5d,Wooden Dining Table,unknown,unknown,98,779.99
EGES94biUYRxXCdIbM5d,Wooden Dining Table,unknown,unknown,99,779.99
EGES94biUYRxXCdIbM5d,Wooden Dining Table,unknown,unknown,100,779.99
EGES94biUYRxXCdIbM5d,Wooden Dining Table,unknown,unknown,101,779.99
EGES94biUYRxXCdIbM5d,Wooden Dining Table,unknown,unknown,102,779.99
EGES94biUYRxXCdIbM5d,Wooden Dining Table,unknown,unknown,103,779.99
EGES94biUYRxXCdIbM5d,Wooden Dining Table,unknown,unknown,104,779.99
EGES94biUYRxXCdIbM5d,Wooden Dining Table,unknown,unknown,105,779.99
EGES94biUYRxXCdIbM5d,Wooden Dining Table,unknown,unknown,106,779.99
EGES94biUYRxXCdIbM5d,Wooden Dining Table,unknown,unknown,107,779.99
EGES94biUYRxXCdIbM5d,Wooden Dining Table,unknown,unknown,108,779.99
EGES94biUYRxXCdIbM5d,Wooden Dining Table,unknown,unknown,109,779.99
EGES94biUYRxXCdIbM5d,Wooden Dining Table,unknown,unknown,110,779.99
EGES94biUYRxXCdIbM5d,Wooden Dining Table,unknown,unknown,111,779.99
EGES94biUYRxXCdIbM5d,Wooden Dining Table,unknown,unknown,112,779.99
EGES94biUYRxXCdIbM5d,Wooden Dining Table,unknown,unknown,113,779.99
EGES94biUYRxXCdIbM5d,Wooden Dining Table,unknown,unknown,114,779.99
EGES94biUYRxXCdIbM5d,Wooden Dining Table,unknown,unknown,115,779.99
EGES94biUYRxXCdIbM5d,Wooden Dining Table,unknown,unknown,116,779.99
EGES94biUYRxXCdIbM5d,Wooden Dining Table,unknown,unknown,117,779.99
EGES94biUYRxXCdIbM5d,Wooden Dining Table,unknown,unknown,118,779.99
EGES94biUYRxXCdIbM5d,Wooden Dining Table,unknown,unknown,119,779.99
EGES94biUYRxXCdIbM5d,Wooden Dining Table,unknown,unknown,120,779.99
EGES94biUYRxXCdIbM5d,Wooden Dining Table,unknown,unknown,121,779.99
EGES94biUYRxXCdIbM5d,Wooden Dining Table,unknown,unknown,122,779.99
EGES94biUYRxXCdIbM5d,Wooden Dining Table,unknown,unknown,123,779.99
EGES94biUYRxXCdIbM5d,Wooden Dining Table,unknown,unknown,124,779.99
EGES94biUYRxXCdIbM5d,Wooden Dining Table,unknown,unknown,125,779.99
EGES94biUYRxXCdIbM5d,Wooden Dining Table,unknown,unknown,126,779.99
EGES94biUYRxXCdIbM5d,Wooden Dining Table,unknown,unknown,127,779.99
EGES94biUYRxXCdIbM5d,Wooden Dining Table,unknown,unknown,128,779.99
EGES94biUYRxXCdIbM5d,Wooden Dining Table,unknown,unknown,129,779.99
EGES94biUYRxXCdIbM5d,Wooden Dining Table,unknown,unknown,130,779.99
EGES94biUYRxXCdIbM5d,Wooden Dining Table,unknown,unknown,131,779.99
EGES94biUYRxXCdIbM5d,Wooden Dining Table,unknown,unknown,132,779.99
EGES94biUYRxXCdIbM5d,Wooden Dining Table,unknown,unknown,133,779.99
EGES94biUYRxXCdIbM5d,Wooden Dining Table,unknown,unknown,134,779.99
EGES94biUYRxXCdIbM5d,Wooden Dining Table,unknown,unknown,135,779.99
EGES94biUYRxXCdIbM5d,Wooden Dining Table,unknown,unknown,136,779.99
EGES94biUYRxXCdIbM5d,Wooden Dining Table,unknown,unknown,137,779.99
EGES94biUYRxXCdIbM5d,Wooden Dining Table,unknown,unknown,138,779.99
EGES94biUYRxXCdIbM5d,Wooden Dining Table,unknown,unknown,139,779.99
EGES94biUYRxXCdIbM5d,Wooden Dining Table,unknown,unknown,140,779.99
EGES94biUYRxXCdIbM5d,Wooden Dining Table,unknown,unknown,141,779.99
EGES94biUYRxXCdIbM5d,Wooden Dining Table,unknown,unknown,142,779.99
EGES94biUYRxXCdIbM5d,Wooden Dining Table,unknown,unknown,143,779.99
EGES94biUYRxXCdIbM5d,Wooden Dining Table,unknown,unknown,144,779.99
EGES94biUYRxXCdIbM5d,Wooden Dining Table,unknown,unknown,145,779.99
EGES94biUYRxXCdIbM5d,Wooden Dining Table,unknown,unknown,146,779.99
EGES94biUYRxXCdIbM5d,Wooden Dining Table,unknown,unknown,147,779.99
EGES94biUYRxXCdIbM5d,Wooden Dining Table,unknown,unknown,148,779.99
EGES94biUYRxXCdIbM5d,Wooden Dining Table,unknown,unknown,149,779.99
EGES94biUYRxXCdIbM5d,Wooden Dining Table,unknown,unknown,150,779.99
EGES94biUYRxXCdIbM5d,Wooden Dining Table,unknown,unknown,151,779.99
EGES94biUYRxXCdIbM5d,Wooden Dining Table,unknown,unknown,152,779.99
EGES94biUYRxXCdIbM5d,Wooden Dining Table,unknown,unknown,153,779.99
EGES94biUYRxXCdIbM5d,Wooden Dining Table,unknown,unknown,154,779.99
EGES94biUYRxXCdIbM5d,Wooden Dining Table,unknown,unknown,155,779.99
EGES94biUYRxXCdIbM5d,Wooden Dining Table,unknown,unknown,156,779.99
EGES94biUYRxXCdIbM5d,Wooden Dining Table,unknown,unknown,157,779.99
EGES94biUYRxXCdIbM5d,Wooden Dining Table,unknown,unknown,158,779.99
EGES94biUYRxXCdIbM5d,Wooden Dining Table,unknown,unknown,159,779.99
EGES94biUYRxXCdIbM5d,Wooden Dining Table,unknown,unknown,160,779.99
EGES94biUYRxXCdIbM5d,Wooden Dining Table,unknown,unknown,161,779.99
EGES94biUYRxXCdIbM5d,Wooden Dining Table,unknown,unknown,162,779.99
EGES94biUYRxXCdIbM5d,Wooden Dining Table,unknown,unknown,163,779.99
EGES94biUYRxXCdIbM5d,Wooden Dining Table,unknown,unknown,164,779.99
EGES94biUYRxXCdIbM5d,Wooden Dining Table,unknown,unknown,165,779.99
EGES94biUYRxXCdIbM5d,Wooden Dining Table,unknown,unknown,166,779.99
EGES94biUYRxXCdIbM5d,Wooden Dining Table,unknown,unknown,167,779.99
EGES94biUYRxXCdIbM5d,Wooden Dining Table,unknown,unknown,168,779.99
EGES94biUYRxXCdIbM5d,Wooden Dining Table,unknown,unknown,169,779.99
EGES94biUYRxXCdIbM5d,Wooden Dining Table,unknown,unknown,170,779.99
EGES94biUYRxXCdIbM5d,Wooden Dining Table,unknown,unknown,171,779.99
EGES94biUYRxXCdIbM5d,Wooden Dining Table,unknown,unknown,172,779.99
EGES94biUYRxXCdIbM5d,Wooden Dining Table,unknown,unknown,173,779.99
EGES94biUYRxXCdIbM5d,Wooden Dining Table,unknown,unknown,174,779.99
EGES94biUYRxXCdIbM5d,Wooden Dining Table,unknown,unknown,175,779.99
EGES94biUYRxXCdIbM5d,Wooden Dining Table,unknown,unknown,176,779.99
EGES94biUYRxXCdIbM5d,Wooden Dining Table,unknown,unknown,177,779.99
EGES94biUYRxXCdIbM5d,Wooden Dining Table,unknown,unknown,178,779.99
EGES94biUYRxXCdIbM5d,Wooden Dining Table,unknown,unknown,179,779.99
EGES94biUYRxXCdIbM5d,Wooden Dining Table,unknown,unknown,180,779.99
EGES94biUYRxXCdIbM5d,Wooden Dining Table,unknown,unknown,181,779.99
EGES94biUYRxXCdIbM5d,Wooden Dining Table,unknown,unknown,182,779.99
EGES94biUYRxXCdIbM5d,Wooden Dining Table,unknown,unknown,183,779.99
EGES94biUYRxXCdIbM5d,Wooden Dining Table,unknown,unknown,184,779.99
EGES94biUYRxXCdIbM5d,Wooden Dining Table,unknown,unknown,185,779.99
EGES94biUYRxXCdIbM5d,Wooden Dining Table,unknown,unknown,186,779.99
EGES94biUYRxXCdIbM5d,Wooden Dining Table,unknown,unknown,187,779.99
EGES94biUYRxXCdIbM5d,Wooden Dining Table,unknown,unknown,188,779.99
EGES94biUYRxXCdIbM5d,Wooden Dining Table,unknown,unknown,189,779.99
EGES94biUYRxXCdIbM5d,Wooden Dining Table,unknown,unknown,190,779.99
EGES94biUYRxXCdIbM5d,Wooden Dining Table,unknown,unknown,191,779.99
EGES94biUYRxXCdIbM5d,Wooden Dining Table,unknown,unknown,192,779.99
EGES94biUYRxXCdIbM5d,Wooden Dining Table,unknown,unknown,193,779.99
EGES94biUYRxXCdIbM5d,Wooden Dining Table,unknown,unknown,194,779.99
EGES94biUYRxXCdIbM5d,Wooden Dining Table,unknown,unknown,195,779.99
EGES94biUYRxXCdIbM5d,Wooden Dining Table,unknown,unknown,196,779.99
EGES94biUYRxXCdIbM5d,Wooden Dining Table,unknown,unknown,197,779.99
EGES94biUYRxXCdIbM5d,Wooden Dining Table,unknown,unknown,198,779.99
EGES94biUYRxXCdIbM5d,Wooden Dining Table,unknown,unknown,199,779.99
EGES94biUYRxXCdIbM5d,Wooden Dining Table,unknown,unknown,200,779.99
EGES94biUYRxXCdIbM5d,Wooden Dining Table,unknown,unknown,201,779.99
EGES94biUYRxXCdIbM5d,Wooden Dining Table,unknown,unknown,202,779.99
EGES94biUYRxXCdIbM5d,Wooden Dining Table,unknown,unknown,203,779.99
EGES94biUYRxXCdIbM5d,Wooden Dining Table,unknown,unknown,204,779.99
EGES94biUYRxXCdIbM5d,Wooden Dining Table,unknown,unknown,205,779.99
EGES94biUYRxXCdIbM5d,Wooden Dining Table,unknown,unknown,206,779.99
EGES94biUYRxXCdIbM5d,Wooden Dining Table,unknown,unknown,207,779.99
EGES94biUYRxXCdIbM5d,Wooden Dining Table,unknown,unknown,208,779.99
EGES94biUYRxXCdIbM5d,Wooden Dining Table,unknown,unknown,209,779.99
EGES94biUYRxXCdIbM5d,Wooden Dining Table,unknown,unknown,210,779.99
EGES94biUYRxXCdIbM5d,Wooden Dining Table,unknown,unknown,211,779.99
EGES94biUYRxXCdIbM5d,Wooden Dining Table,unknown,unknown,212,779.99
EGES94biUYRxXCdIbM5d,Wooden Dining Table,unknown,unknown,213,779.99
EGES94biUYRxXCdIbM5d,Wooden Dining Table,unknown,unknown,214,779.99
EGES94biUYRxXCdIbM5d,Wooden Dining Table,unknown,unknown,215,779.99
EGES94biUYRxXCdIbM5d,Wooden Dining Table,unknown,unknown,216,779.99
EGES94biUYRxXCdIbM5d,Wooden Dining Table,unknown,unknown,217,779.99
EGES94biUYRxXCdIbM5d,Wooden Dining Table,unknown,unknown,218,779.99
EGES94biUYRxXCdIbM5d,Wooden Dining Table,unknown,unknown,219,779.99
EGES94biUYRxXCdIbM5d,Wooden Dining Table,unknown,unknown,220,779.99
EGES94biUYRxXCdIbM5d,Wooden Dining Table,unknown,unknown,221,779.99
EGES94biUYRxXCdIbM5d,Wooden Dining Table,unknown,unknown,222,779.99
EGES94biUYRxXCdIbM5d,Wooden Dining Table,unknown,unknown,223,779.99
EGES94biUYRxXCdIbM5d,Wooden Dining Table,unknown,unknown,224,779.99
EGES94biUYRxXCdIbM5d,Wooden Dining Table,unknown,unknown,225,779.99
EGES94biUYRxXCdIbM5d,Wooden Dining Table,unknown,unknown,226,779.99
EGES94biUYRxXCdIbM5d,Wooden Dining Table,unknown,unknown,227,779.99
EGES94biUYRxXCdIbM5d,Wooden Dining Table,unknown,unknown,228,779.99
EGES94biUYRxXCdIbM5d,Wooden Dining Table,unknown,unknown,229,779.99
EGES94biUYRxXCdIbM5d,Wooden Dining Table,unknown,unknown,230,779.99
EGES94biUYRxXCdIbM5d,Wooden Dining Table,unknown,unknown,231,779.99
EGES94biUYRxXCdIbM5d,Wooden Dining Table,unknown,unknown,232,779.99
EGES94biUYRxXCdIbM5d,Wooden Dining Table,unknown,unknown,233,779.99
EGES94biUYRxXCdIbM5d,Wooden Dining Table,unknown,unknown,234,779.99
EGES94biUYRxXCdIbM5d,Wooden Dining Table,unknown,unknown,235,779.99
EGES94biUYRxXCdIbM5d,Wooden Dining Table,unknown,unknown,236,779.99
EGES94biUYRxXCdIbM5d,Wooden Dining Table,unknown,unknown,237,779.99
EGES94biUYRxXCdIbM5d,Wooden Dining Table,unknown,unknown,238,779.99
EGES94biUYRxXCdIbM5d,Wooden Dining Table,unknown,unknown,239,779.99
EGES94biUYRxXCdIbM5d,Wooden Dining Table,unknown,unknown,240,779.99
EGES94biUYRxXCdIbM5d,Wooden Dining Table,unknown,unknown,241,779.99
EGES94biUYRxXCdIbM5d,Wooden Dining Table,unknown,unknown,242,779.99
EGES94biUYRxXCdIbM5d,Wooden Dining Table,unknown,unknown,243,779.99
EGES94biUYRxXCdIbM5d,Wooden Dining Table,unknown,unknown,244,779.99
EGES94biUYRxXCdIbM5d,Wooden Dining Table,unknown,unknown,245,779.99
EGES94biUYRxXCdIbM5d,Wooden Dining Table,unknown,unknown,246,779.99
EGES94biUYRxXCdIbM5d,Wooden Dining Table,unknown,unknown,247,779.99
EGES94biUYRxXCdIbM5d,Wooden Dining Table,unknown,unknown,248,779.99
EGES94biUYRxXCdIbM5d,Wooden Dining Table,unknown,unknown,249,779.99
EGES94biUYRxXCdIbM5d,Wooden Dining Table,unknown,unknown,250,779.99
EGES94biUYRxXCdIbM5d,Wooden Dining Table,unknown,unknown,251,779.99
EGES94biUYRxXCdIbM5d,Wooden Dining Table,unknown,unknown,252,779.99
EGES94biUYRxXCdIbM5d,Wooden Dining Table,unknown,unknown,253,779.99
EGES94biUYRxXCdIbM5d,Wooden Dining Table,unknown,unknown,254,779.99
EGES94biUYRxXCdIbM5d,Wooden Dining Table,unknown,unknown,255,779.99
EGES94biUYRxXCdIbM5d,Wooden Dining Table,unknown,unknown,256,779.99
EGES94biUYRxXCdIbM5d,Wooden Dining Table,unknown,unknown,257,779.99
EGES94biUYRxXCdIbM5d,Wooden Dining Table,unknown,unknown,258,779.99
EGES94biUYRxXCdIbM5d,Wooden Dining Table,unknown,unknown,259,779.99
EGES94biUYRxXCdIbM5d,Wooden Dining Table,unknown,unknown,260,779.99
EGES94biUYRxXCdIbM5d,Wooden Dining Table,unknown,unknown,261,779.99
EGES94biUYRxXCdIbM5d,Wooden Dining Table,unknown,unknown,262,779.99
EGES94biUYRxXCdIbM5d,Wooden Dining Table,unknown,unknown,263,779.99
EGES94biUYRxXCdIbM5d,Wooden Dining Table,unknown,unknown,264,779.99
EGES94biUYRxXCdIbM5d,Wooden Dining Table,unknown,unknown,265,779.99
EGES94biUYRxXCdIbM5d,Wooden Dining Table,unknown,unknown,266,779.99
EGES94biUYRxXCdIbM5d,Wooden Dining Table,unknown,unknown,267,779.99
EGES94biUYRxXCdIbM5d,Wooden Dining Table,unknown,unknown,268,779.99
EGES94biUYRxXCdIbM5d,Wooden Dining Table,unknown,unknown,269,779.99
EGES94biUYRxXCdIbM5d,Wooden Dining Table,unknown,unknown,270,779.99
EGES94biUYRxXCdIbM5d,Wooden Dining Table,unknown,unknown,271,779.99
EGES94biUYRxXCdIbM5d,Wooden Dining Table,unknown,unknown,272,779.99
EGES94biUYRxXCdIbM5d,Wooden Dining Table,unknown,unknown,273,779.99
EGES94biUYRxXCdIbM5d,Wooden Dining Table,unknown,unknown,274,779.99
EGES94biUYRxXCdIbM5d,Wooden Dining Table,unknown,unknown,275,779.99
EGES94biUYRxXCdIbM5d,Wooden Dining Table,unknown,unknown,276,779.99
EGES94biUYRxXCdIbM5d,Wooden Dining Table,unknown,unknown,277,779.99
EGES94biUYRxXCdIbM5d,Wooden Dining Table,unknown,unknown,278,779.99
EGES94biUYRxXCdIbM5d,Wooden Dining Table,unknown,unknown,279,779.99
EGES94biUYRxXCdIbM5d,Wooden Dining Table,unknown,unknown,280,779.99
EGES94biUYRxXCdIbM5d,Wooden Dining Table,unknown,unknown,281,779.99
EGES94biUYRxXCdIbM5d,Wooden Dining Table,unknown,unknown,282,779.99
EGES94biUYRxXCdIbM5d,Wooden Dining Table,unknown,unknown,283,779.99
EGES94biUYRxXCdIbM5d,Wooden Dining Table,unknown,unknown,284,779.99
EGES94biUYRxXCdIbM5d,Wooden Dining Table,unknown,unknown,285,779.99
EGES94biUYRxXCdIbM5d,Wooden Dining Table,unknown,unknown,286,779.99
EGES94biUYRxXCdIbM5d,Wooden Dining Table,unknown,unknown,287,779.99
EGES94biUYRxXCdIbM5d,Wooden Dining Table,unknown,unknown,288,779.99
EGES94biUYRxXCdIbM5d,Wooden Dining Table,unknown,unknown,289,779.99
EGES94biUYRxXCdIbM5d,Wooden Dining Table,unknown,unknown,290,779.99
EGES94biUYRxXCdIbM5d,Wooden Dining Table,unknown,unknown,291,779.99
EGES94biUYRxXCdIbM5d,Wooden Dining Table,unknown,unknown,292,779.99
EGES94biUYRxXCdIbM5d,Wooden Dining Table,unknown,unknown,293,779.99
EGES94biUYRxXCdIbM5d,Wooden Dining Table,unknown,unknown,294,779.99
EGES94biUYRxXCdIbM5d,Wooden Dining Table,unknown,unknown,295,779.99
EGES94biUYRxXCdIbM5d,Wooden Dining Table,unknown,unknown,296,779.99
EGES94biUYRxXCdIbM5d,Wooden Dining Table,unknown,unknown,297,779.99
EGES94biUYRxXCdIbM5d,Wooden Dining Table,unknown,unknown,298,779.99
EGES94biUYRxXCdIbM5d,Wooden Dining Table,unknown,unknown,299,779.99
EGES94biUYRxXCdIbM5d,Wooden Dining Table,unknown,unknown,300,779.99
EGES94biUYRxXCdIbM5d,Wooden Dining Table,unknown,unknown,301,779.99
EGES94biUYRxXCdIbM5d,Wooden Dining Table,unknown,unknown,302,779.99
EGES94biUYRxXCdIbM5d,Wooden Dining Table,unknown,unknown,303,779.99
EGES94biUYRxXCdIbM5d,Wooden Dining Table,unknown,unknown,304,779.99
EGES94biUYRxXCdIbM5d,Wooden Dining Table,unknown,unknown,305,779.99
EGES94biUYRxXCdIbM5d,Wooden Dining Table,unknown,unknown,306,779.99
EGES94biUYRxXCdIbM5d,Wooden Dining Table,unknown,unknown,307,779.99
EGES94biUYRxXCdIbM5d,Wooden Dining Table,unknown,unknown,308,779.99
EGES94biUYRxXCdIbM5d,Wooden Dining Table,unknown,unknown,309,779.99
EGES94biUYRxXCdIbM5d,Wooden Dining Table,unknown,unknown,310,779.99
LbDGHorYVs7nxmirgDWY,BasketBall ji,unknown,unknown,1,100.00
LbDGHorYVs7nxmirgDWY,BasketBall ji,unknown,unknown,2,100.00
LbDGHorYVs7nxmirgDWY,BasketBall ji,unknown,unknown,3,100.00
LbDGHorYVs7nxmirgDWY,BasketBall ji,unknown,unknown,4,100.00
LbDGHorYVs7nxmirgDWY,BasketBall ji,unknown,unknown,5,100.00
LbDGHorYVs7nxmirgDWY,BasketBall ji,unknown,unknown,6,100.00
LbDGHorYVs7nxmirgDWY,BasketBall ji,unknown,unknown,7,100.00
LbDGHorYVs7nxmirgDWY,BasketBall ji,unknown,unknown,8,100.00
LbDGHorYVs7nxmirgDWY,BasketBall ji,unknown,unknown,9,100.00
LbDGHorYVs7nxmirgDWY,BasketBall ji,unknown,unknown,10,100.00
LbDGHorYVs7nxmirgDWY,BasketBall ji,unknown,unknown,11,100.00
LbDGHorYVs7nxmirgDWY,BasketBall ji,unknown,unknown,12,100.00
LbDGHorYVs7nxmirgDWY,BasketBall ji,unknown,unknown,13,100.00
LbDGHorYVs7nxmirgDWY,BasketBall ji,unknown,unknown,14,100.00
LbDGHorYVs7nxmirgDWY,BasketBall ji,unknown,unknown,15,100.00
LbDGHorYVs7nxmirgDWY,BasketBall ji,unknown,unknown,16,100.00
LbDGHorYVs7nxmirgDWY,BasketBall ji,unknown,unknown,17,100.00
LbDGHorYVs7nxmirgDWY,BasketBall ji,unknown,unknown,18,100.00
LbDGHorYVs7nxmirgDWY,BasketBall ji,unknown,unknown,19,100.00
LbDGHorYVs7nxmirgDWY,BasketBall ji,unknown,unknown,20,100.00
LbDGHorYVs7nxmirgDWY,BasketBall ji,unknown,unknown,21,100.00
LbDGHorYVs7nxmirgDWY,BasketBall ji,unknown,unknown,22,100.00
LbDGHorYVs7nxmirgDWY,BasketBall ji,unknown,unknown,23,100.00
LbDGHorYVs7nxmirgDWY,BasketBall ji,unknown,unknown,24,100.00
LbDGHorYVs7nxmirgDWY,BasketBall ji,unknown,unknown,25,100.00
LbDGHorYVs7nxmirgDWY,BasketBall ji,unknown,unknown,26,100.00
LbDGHorYVs7nxmirgDWY,BasketBall ji,unknown,unknown,27,100.00
LbDGHorYVs7nxmirgDWY,BasketBall ji,unknown,unknown,28,100.00
LbDGHorYVs7nxmirgDWY,BasketBall ji,unknown,unknown,29,100.00
LbDGHorYVs7nxmirgDWY,BasketBall ji,unknown,unknown,30,100.00
LbDGHorYVs7nxmirgDWY,BasketBall ji,unknown,unknown,31,100.00
LbDGHorYVs7nxmirgDWY,BasketBall ji,unknown,unknown,32,100.00
LbDGHorYVs7nxmirgDWY,BasketBall ji,unknown,unknown,33,100.00
LbDGHorYVs7nxmirgDWY,BasketBall ji,unknown,unknown,34,100.00
LbDGHorYVs7nxmirgDWY,BasketBall ji,unknown,unknown,35,100.00
LbDGHorYVs7nxmirgDWY,BasketBall ji,unknown,unknown,36,100.00
LbDGHorYVs7nxmirgDWY,BasketBall ji,unknown,unknown,37,100.00
LbDGHorYVs7nxmirgDWY,BasketBall ji,unknown,unknown,38,100.00
LbDGHorYVs7nxmirgDWY,BasketBall ji,unknown,unknown,39,100.00
LbDGHorYVs7nxmirgDWY,BasketBall ji,unknown,unknown,40,100.00
LbDGHorYVs7nxmirgDWY,BasketBall ji,unknown,unknown,41,100.00
LbDGHorYVs7nxmirgDWY,BasketBall ji,unknown,unknown,42,100.00
LbDGHorYVs7nxmirgDWY,BasketBall ji,unknown,unknown,43,100.00
LbDGHorYVs7nxmirgDWY,BasketBall ji,unknown,unknown,44,100.00
LbDGHorYVs7nxmirgDWY,BasketBall ji,unknown,unknown,45,100.00
LbDGHorYVs7nxmirgDWY,BasketBall ji,unknown,unknown,46,100.00
LbDGHorYVs7nxmirgDWY,BasketBall ji,unknown,unknown,47,100.00
LbDGHorYVs7nxmirgDWY,BasketBall ji,unknown,unknown,48,100.00
LbDGHorYVs7nxmirgDWY,BasketBall ji,unknown,unknown,49,100.00
LbDGHorYVs7nxmirgDWY,BasketBall ji,unknown,unknown,50,100.00
LbDGHorYVs7nxmirgDWY,BasketBall ji,unknown,unknown,51,100.00
LbDGHorYVs7nxmirgDWY,BasketBall ji,unknown,unknown,52,100.00
LbDGHorYVs7nxmirgDWY,BasketBall ji,unknown,unknown,53,100.00
LbDGHorYVs7nxmirgDWY,BasketBall ji,unknown,unknown,54,100.00
LbDGHorYVs7nxmirgDWY,BasketBall ji,unknown,unknown,55,100.00
LbDGHorYVs7nxmirgDWY,BasketBall ji,unknown,unknown,56,100.00
LbDGHorYVs7nxmirgDWY,BasketBall ji,unknown,unknown,57,100.00
LbDGHorYVs7nxmirgDWY,BasketBall ji,unknown,unknown,58,100.00
LbDGHorYVs7nxmirgDWY,BasketBall ji,unknown,unknown,59,100.00
LbDGHorYVs7nxmirgDWY,BasketBall ji,unknown,unknown,60,100.00
LbDGHorYVs7nxmirgDWY,BasketBall ji,unknown,unknown,61,100.00
LbDGHorYVs7nxmirgDWY,BasketBall ji,unknown,unknown,62,100.00
LbDGHorYVs7nxmirgDWY,BasketBall ji,unknown,unknown,63,100.00
LbDGHorYVs7nxmirgDWY,BasketBall ji,unknown,unknown,64,100.00
LbDGHorYVs7nxmirgDWY,BasketBall ji,unknown,unknown,65,100.00
LbDGHorYVs7nxmirgDWY,BasketBall ji,unknown,unknown,66,100.00
LbDGHorYVs7nxmirgDWY,BasketBall ji,unknown,unknown,67,100.00
LbDGHorYVs7nxmirgDWY,BasketBall ji,unknown,unknown,68,100.00
LbDGHorYVs7nxmirgDWY,BasketBall ji,unknown,unknown,69,100.00
LbDGHorYVs7nxmirgDWY,BasketBall ji,unknown,unknown,70,100.00
LbDGHorYVs7nxmirgDWY,BasketBall ji,unknown,unknown,71,100.00
LbDGHorYVs7nxmirgDWY,BasketBall ji,unknown,unknown,72,100.00
LbDGHorYVs7nxmirgDWY,BasketBall ji,unknown,unknown,73,100.00
LbDGHorYVs7nxmirgDWY,BasketBall ji,unknown,unknown,74,100.00
LbDGHorYVs7nxmirgDWY,BasketBall ji,unknown,unknown,75,100.00
LbDGHorYVs7nxmirgDWY,BasketBall ji,unknown,unknown,76,100.00
LbDGHorYVs7nxmirgDWY,BasketBall ji,unknown,unknown,77,100.00
LbDGHorYVs7nxmirgDWY,BasketBall ji,unknown,unknown,78,100.00
LbDGHorYVs7nxmirgDWY,BasketBall ji,unknown,unknown,79,100.00
LbDGHorYVs7nxmirgDWY,BasketBall ji,unknown,unknown,80,100.00
LbDGHorYVs7nxmirgDWY,BasketBall ji,unknown,unknown,81,100.00
LbDGHorYVs7nxmirgDWY,BasketBall ji,unknown,unknown,82,100.00
LbDGHorYVs7nxmirgDWY,BasketBall ji,unknown,unknown,83,100.00
LbDGHorYVs7nxmirgDWY,BasketBall ji,unknown,unknown,84,100.00
LbDGHorYVs7nxmirgDWY,BasketBall ji,unknown,unknown,85,100.00
LbDGHorYVs7nxmirgDWY,BasketBall ji,unknown,unknown,86,100.00
LbDGHorYVs7nxmirgDWY,BasketBall ji,unknown,unknown,87,100.00
LbDGHorYVs7nxmirgDWY,BasketBall ji,unknown,unknown,88,100.00
LbDGHorYVs7nxmirgDWY,BasketBall ji,unknown,unknown,89,100.00
LbDGHorYVs7nxmirgDWY,BasketBall ji,unknown,unknown,90,100.00
LbDGHorYVs7nxmirgDWY,BasketBall ji,unknown,unknown,91,100.00
LbDGHorYVs7nxmirgDWY,BasketBall ji,unknown,unknown,92,100.00
LbDGHorYVs7nxmirgDWY,BasketBall ji,unknown,unknown,93,100.00
LbDGHorYVs7nxmirgDWY,BasketBall ji,unknown,unknown,94,100.00
LbDGHorYVs7nxmirgDWY,BasketBall ji,unknown,unknown,95,100.00
LbDGHorYVs7nxmirgDWY,BasketBall ji,unknown,unknown,96,100.00
LbDGHorYVs7nxmirgDWY,BasketBall ji,unknown,unknown,97,100.00
LbDGHorYVs7nxmirgDWY,BasketBall ji,unknown,unknown,98,100.00
LbDGHorYVs7nxmirgDWY,BasketBall ji,unknown,unknown,99,100.00
LbDGHorYVs7nxmirgDWY,BasketBall ji,unknown,unknown,100,100.00
Yxl6IfMhcdI7LdJmzAGV,dfads,unknown,unknown,1,1220.00
Yxl6IfMhcdI7LdJmzAGV,dfads,unknown,unknown,2,1220.00
Yxl6IfMhcdI7LdJmzAGV,dfads,unknown,unknown,3,1220.00
Yxl6IfMhcdI7LdJmzAGV,dfads,unknown,unknown,4,1220.00
Yxl6IfMhcdI7LdJmzAGV,dfads,unknown,unknown,5,1220.00
Yxl6IfMhcdI7LdJmzAGV,dfads,unknown,unknown,6,1220.00
Yxl6IfMhcdI7LdJmzAGV,dfads,unknown,unknown,7,1220.00
Yxl6IfMhcdI7LdJmzAGV,dfads,unknown,unknown,8,1220.00
Yxl6IfMhcdI7LdJmzAGV,dfads,unknown,unknown,9,1220.00
Yxl6IfMhcdI7LdJmzAGV,dfads,unknown,unknown,10,1220.00
Yxl6IfMhcdI7LdJmzAGV,dfads,unknown,unknown,11,1220.00
Yxl6IfMhcdI7LdJmzAGV,dfads,unknown,unknown,12,1220.00
Yxl6IfMhcdI7LdJmzAGV,dfads,unknown,unknown,13,1220.00
Yxl6IfMhcdI7LdJmzAGV,dfads,unknown,unknown,14,1220.00
Yxl6IfMhcdI7LdJmzAGV,dfads,unknown,unknown,15,1220.00
Yxl6IfMhcdI7LdJmzAGV,dfads,unknown,unknown,16,1220.00
goVY0lvEfEM7eOhD8CY7,iphone,unknown,unknown,1,14999.99
goVY0lvEfEM7eOhD8CY7,iphone,unknown,unknown,2,14999.99
goVY0lvEfEM7eOhD8CY7,iphone,unknown,unknown,3,14999.99
goVY0lvEfEM7eOhD8CY7,iphone,unknown,unknown,4,14999.99
goVY0lvEfEM7eOhD8CY7,iphone,unknown,unknown,5,14999.99
goVY0lvEfEM7eOhD8CY7,iphone,unknown,unknown,6,14999.99
goVY0lvEfEM7eOhD8CY7,iphone,unknown,unknown,7,14999.99
goVY0lvEfEM7eOhD8CY7,iphone,unknown,unknown,8,14999.99
goVY0lvEfEM7eOhD8CY7,iphone,unknown,unknown,9,14999.99
goVY0lvEfEM7eOhD8CY7,iphone,unknown,unknown,10,14999.99
goVY0lvEfEM7eOhD8CY7,iphone,unknown,unknown,11,14999.99
goVY0lvEfEM7eOhD8CY7,iphone,unknown,unknown,12,14999.99
goVY0lvEfEM7eOhD8CY7,iphone,unknown,unknown,13,14999.99
goVY0lvEfEM7eOhD8CY7,iphone,unknown,unknown,14,14999.99
goVY0lvEfEM7eOhD8CY7,iphone,unknown,unknown,15,14999.99
goVY0lvEfEM7eOhD8CY7,iphone,unknown,unknown,16,14999.99
goVY0lvEfEM7eOhD8CY7,iphone,unknown,unknown,17,14999.99
goVY0lvEfEM7eOhD8CY7,iphone,unknown,unknown,18,14999.99
goVY0lvEfEM7eOhD8CY7,iphone,unknown,unknown,19,14999.99
goVY0lvEfEM7eOhD8CY7,iphone,unknown,unknown,20,14999.99
goVY0lvEfEM7eOhD8CY7,iphone,unknown,unknown,21,14999.99
goVY0lvEfEM7eOhD8CY7,iphone,unknown,unknown,22,14999.99
goVY0lvEfEM7eOhD8CY7,iphone,unknown,unknown,23,14999.99
goVY0lvEfEM7eOhD8CY7,iphone,unknown,unknown,24,14999.99
goVY0lvEfEM7eOhD8CY7,iphone,unknown,unknown,25,14999.99
goVY0lvEfEM7eOhD8CY7,iphone,unknown,unknown,26,14999.99
goVY0lvEfEM7eOhD8CY7,iphone,unknown,unknown,27,14999.99
goVY0lvEfEM7eOhD8CY7,iphone,unknown,unknown,28,14999.99
goVY0lvEfEM7eOhD8CY7,iphone,unknown,unknown,29,14999.99
goVY0lvEfEM7eOhD8CY7,iphone,unknown,unknown,30,14999.99
goVY0lvEfEM7eOhD8CY7,iphone,unknown,unknown,31,14999.99
goVY0lvEfEM7eOhD8CY7,iphone,unknown,unknown,32,14999.99
goVY0lvEfEM7eOhD8CY7,iphone,unknown,unknown,33,14999.99
goVY0lvEfEM7eOhD8CY7,iphone,unknown,unknown,34,14999.99
goVY0lvEfEM7eOhD8CY7,iphone,unknown,unknown,35,14999.99
goVY0lvEfEM7eOhD8CY7,iphone,unknown,unknown,36,14999.99
goVY0lvEfEM7eOhD8CY7,iphone,unknown,unknown,37,14999.99
goVY0lvEfEM7eOhD8CY7,iphone,unknown,unknown,38,14999.99
goVY0lvEfEM7eOhD8CY7,iphone,unknown,unknown,39,14999.99
goVY0lvEfEM7eOhD8CY7,iphone,unknown,unknown,40,14999.99
goVY0lvEfEM7eOhD8CY7,iphone,unknown,unknown,41,14999.99
goVY0lvEfEM7eOhD8CY7,iphone,unknown,unknown,42,14999.99
goVY0lvEfEM7eOhD8CY7,iphone,unknown,unknown,43,14999.99
goVY0lvEfEM7eOhD8CY7,iphone,unknown,unknown,44,14999.99
goVY0lvEfEM7eOhD8CY7,iphone,unknown,unknown,45,14999.99
goVY0lvEfEM7eOhD8CY7,iphone,unknown,unknown,46,14999.99
goVY0lvEfEM7eOhD8CY7,iphone,unknown,unknown,47,14999.99
goVY0lvEfEM7eOhD8CY7,iphone,unknown,unknown,48,14999.99
goVY0lvEfEM7eOhD8CY7,iphone,unknown,unknown,49,14999.99
goVY0lvEfEM7eOhD8CY7,iphone,unknown,unknown,50,14999.99
goVY0lvEfEM7eOhD8CY7,iphone,unknown,unknown,51,14999.99
goVY0lvEfEM7eOhD8CY7,iphone,unknown,unknown,52,14999.99
goVY0lvEfEM7eOhD8CY7,iphone,unknown,unknown,53,14999.99
goVY0lvEfEM7eOhD8CY7,iphone,unknown,unknown,54,14999.99
goVY0lvEfEM7eOhD8CY7,iphone,unknown,unknown,55,14999.99
goVY0lvEfEM7eOhD8CY7,iphone,unknown,unknown,56,14999.99
goVY0lvEfEM7eOhD8CY7,iphone,unknown,unknown,57,14999.99
goVY0lvEfEM7eOhD8CY7,iphone,unknown,unknown,58,14999.99
goVY0lvEfEM7eOhD8CY7,iphone,unknown,unknown,59,14999.99
goVY0lvEfEM7eOhD8CY7,iphone,unknown,unknown,60,14999.99
goVY0lvEfEM7eOhD8CY7,iphone,unknown,unknown,61,14999.99
goVY0lvEfEM7eOhD8CY7,iphone,unknown,unknown,62,14999.99
goVY0lvEfEM7eOhD8CY7,iphone,unknown,unknown,63,14999.99
goVY0lvEfEM7eOhD8CY7,iphone,unknown,unknown,64,14999.99
goVY0lvEfEM7eOhD8CY7,iphone,unknown,unknown,65,14999.99
goVY0lvEfEM7eOhD8CY7,iphone,unknown,unknown,66,14999.99
goVY0lvEfEM7eOhD8CY7,iphone,unknown,unknown,67,14999.99
goVY0lvEfEM7eOhD8CY7,iphone,unknown,unknown,68,14999.99
goVY0lvEfEM7eOhD8CY7,iphone,unknown,unknown,69,14999.99
goVY0lvEfEM7eOhD8CY7,iphone,unknown,unknown,70,14999.99
goVY0lvEfEM7eOhD8CY7,iphone,unknown,unknown,71,14999.99
goVY0lvEfEM7eOhD8CY7,iphone,unknown,unknown,72,14999.99
goVY0lvEfEM7eOhD8CY7,iphone,unknown,unknown,73,14999.99
goVY0lvEfEM7eOhD8CY7,iphone,unknown,unknown,74,14999.99
goVY0lvEfEM7eOhD8CY7,iphone,unknown,unknown,75,14999.99
goVY0lvEfEM7eOhD8CY7,iphone,unknown,unknown,76,14999.99
goVY0lvEfEM7eOhD8CY7,iphone,unknown,unknown,77,14999.99
goVY0lvEfEM7eOhD8CY7,iphone,unknown,unknown,78,14999.99
goVY0lvEfEM7eOhD8CY7,iphone,unknown,unknown,79,14999.99
goVY0lvEfEM7eOhD8CY7,iphone,unknown,unknown,80,14999.99
goVY0lvEfEM7eOhD8CY7,iphone,unknown,unknown,81,14999.99
goVY0lvEfEM7eOhD8CY7,iphone,unknown,unknown,82,14999.99
goVY0lvEfEM7eOhD8CY7,iphone,unknown,unknown,83,14999.99
goVY0lvEfEM7eOhD8CY7,iphone,unknown,unknown,84,14999.99
goVY0lvEfEM7eOhD8CY7,iphone,unknown,unknown,85,14999.99
goVY0lvEfEM7eOhD8CY7,iphone,unknown,unknown,86,14999.99
goVY0lvEfEM7eOhD8CY7,iphone,unknown,unknown,87,14999.99
goVY0lvEfEM7eOhD8CY7,iphone,unknown,unknown,88,14999.99
goVY0lvEfEM7eOhD8CY7,iphone,unknown,unknown,89,14999.99
goVY0lvEfEM7eOhD8CY7,iphone,unknown,unknown,90,14999.99
goVY0lvEfEM7eOhD8CY7,iphone,unknown,unknown,91,14999.99
goVY0lvEfEM7eOhD8CY7,iphone,unknown,unknown,92,14999.99
goVY0lvEfEM7eOhD8CY7,iphone,unknown,unknown,93,14999.99
goVY0lvEfEM7eOhD8CY7,iphone,unknown,unknown,94,14999.99
goVY0lvEfEM7eOhD8CY7,iphone,unknown,unknown,95,14999.99
goVY0lvEfEM7eOhD8CY7,iphone,unknown,unknown,96,14999.99
goVY0lvEfEM7eOhD8CY7,iphone,unknown,unknown,97,14999.99
goVY0lvEfEM7eOhD8CY7,iphone,unknown,unknown,98,14999.99
goVY0lvEfEM7eOhD8CY7,iphone,unknown,unknown,99,14999.99
goVY0lvEfEM7eOhD8CY7,iphone,unknown,unknown,100,14999.99
goVY0lvEfEM7eOhD8CY7,iphone,unknown,unknown,101,14999.99
goVY0lvEfEM7eOhD8CY7,iphone,unknown,unknown,102,14999.99
goVY0lvEfEM7eOhD8CY7,iphone,unknown,unknown,103,14999.99
goVY0lvEfEM7eOhD8CY7,iphone,unknown,unknown,104,14999.99
goVY0lvEfEM7eOhD8CY7,iphone,unknown,unknown,105,14999.99
goVY0lvEfEM7eOhD8CY7,iphone,unknown,unknown,106,14999.99
goVY0lvEfEM7eOhD8CY7,iphone,unknown,unknown,107,14999.99
goVY0lvEfEM7eOhD8CY7,iphone,unknown,unknown,108,14999.99
goVY0lvEfEM7eOhD8CY7,iphone,unknown,unknown,109,14999.99
goVY0lvEfEM7eOhD8CY7,iphone,unknown,unknown,110,14999.99
goVY0lvEfEM7eOhD8CY7,iphone,unknown,unknown,111,14999.99
goVY0lvEfEM7eOhD8CY7,iphone,unknown,unknown,112,14999.99
goVY0lvEfEM7eOhD8CY7,iphone,unknown,unknown,113,14999.99
goVY0lvEfEM7eOhD8CY7,iphone,unknown,unknown,114,14999.99
goVY0lvEfEM7eOhD8CY7,iphone,unknown,unknown,115,14999.99
goVY0lvEfEM7eOhD8CY7,iphone,unknown,unknown,116,14999.99
goVY0lvEfEM7eOhD8CY7,iphone,unknown,unknown,117,14999.99
goVY0lvEfEM7eOhD8CY7,iphone,unknown,unknown,118,14999.99
goVY0lvEfEM7eOhD8CY7,iphone,unknown,unknown,119,14999.99
goVY0lvEfEM7eOhD8CY7,iphone,unknown,unknown,120,14999.99
goVY0lvEfEM7eOhD8CY7,iphone,unknown,unknown,121,14999.99
goVY0lvEfEM7eOhD8CY7,iphone,unknown,unknown,122,14999.99
goVY0lvEfEM7eOhD8CY7,iphone,unknown,unknown,123,14999.99
goVY0lvEfEM7eOhD8CY7,iphone,unknown,unknown,124,14999.99
goVY0lvEfEM7eOhD8CY7,iphone,unknown,unknown,125,14999.99
goVY0lvEfEM7eOhD8CY7,iphone,unknown,unknown,126,14999.99
goVY0lvEfEM7eOhD8CY7,iphone,unknown,unknown,127,14999.99
goVY0lvEfEM7eOhD8CY7,iphone,unknown,unknown,128,14999.99
goVY0lvEfEM7eOhD8CY7,iphone,unknown,unknown,129,14999.99
goVY0lvEfEM7eOhD8CY7,iphone,unknown,unknown,130,14999.99
goVY0lvEfEM7eOhD8CY7,iphone,unknown,unknown,131,14999.99
goVY0lvEfEM7eOhD8CY7,iphone,unknown,unknown,132,14999.99
goVY0lvEfEM7eOhD8CY7,iphone,unknown,unknown,133,14999.99
goVY0lvEfEM7eOhD8CY7,iphone,unknown,unknown,134,14999.99
goVY0lvEfEM7eOhD8CY7,iphone,unknown,unknown,135,14999.99
goVY0lvEfEM7eOhD8CY7,iphone,unknown,unknown,136,14999.99
goVY0lvEfEM7eOhD8CY7,iphone,unknown,unknown,137,14999.99
goVY0lvEfEM7eOhD8CY7,iphone,unknown,unknown,138,14999.99
goVY0lvEfEM7eOhD8CY7,iphone,unknown,unknown,139,14999.99
goVY0lvEfEM7eOhD8CY7,iphone,unknown,unknown,140,14999.99
goVY0lvEfEM7eOhD8CY7,iphone,unknown,unknown,141,14999.99
goVY0lvEfEM7eOhD8CY7,iphone,unknown,unknown,142,14999.99
goVY0lvEfEM7eOhD8CY7,iphone,unknown,unknown,143,14999.99
goVY0lvEfEM7eOhD8CY7,iphone,unknown,unknown,144,14999.99
goVY0lvEfEM7eOhD8CY7,iphone,unknown,unknown,145,14999.99
goVY0lvEfEM7eOhD8CY7,iphone,unknown,unknown,146,14999.99
goVY0lvEfEM7eOhD8CY7,iphone,unknown,unknown,147,14999.99
goVY0lvEfEM7eOhD8CY7,iphone,unknown,unknown,148,14999.99
goVY0lvEfEM7eOhD8CY7,iphone,unknown,unknown,149,14999.99
goVY0lvEfEM7eOhD8CY7,iphone,unknown,unknown,150,14999.99
goVY0lvEfEM7eOhD8CY7,iphone,unknown,unknown,151,14999.99
goVY0lvEfEM7eOhD8CY7,iphone,unknown,unknown,152,14999.99
goVY0lvEfEM7eOhD8CY7,iphone,unknown,unknown,153,14999.99
goVY0lvEfEM7eOhD8CY7,iphone,unknown,unknown,154,14999.99
goVY0lvEfEM7eOhD8CY7,iphone,unknown,unknown,155,14999.99
goVY0lvEfEM7eOhD8CY7,iphone,unknown,unknown,156,14999.99
goVY0lvEfEM7eOhD8CY7,iphone,unknown,unknown,157,14999.99
goVY0lvEfEM7eOhD8CY7,iphone,unknown,unknown,158,14999.99
goVY0lvEfEM7eOhD8CY7,iphone,unknown,unknown,159,14999.99
goVY0lvEfEM7eOhD8CY7,iphone,unknown,unknown,160,14999.99
goVY0lvEfEM7eOhD8CY7,iphone,unknown,unknown,161,14999.99
goVY0lvEfEM7eOhD8CY7,iphone,unknown,unknown,162,14999.99
goVY0lvEfEM7eOhD8CY7,iphone,unknown,unknown,163,14999.99
goVY0lvEfEM7eOhD8CY7,iphone,unknown,unknown,164,14999.99
goVY0lvEfEM7eOhD8CY7,iphone,unknown,unknown,165,14999.99
goVY0lvEfEM7eOhD8CY7,iphone,unknown,unknown,166,14999.99
goVY0lvEfEM7eOhD8CY7,iphone,unknown,unknown,167,14999.99
goVY0lvEfEM7eOhD8CY7,iphone,unknown,unknown,168,14999.99
goVY0lvEfEM7eOhD8CY7,iphone,unknown,unknown,169,14999.99
goVY0lvEfEM7eOhD8CY7,iphone,unknown,unknown,170,14999.99
goVY0lvEfEM7eOhD8CY7,iphone,unknown,unknown,171,14999.99
goVY0lvEfEM7eOhD8CY7,iphone,unknown,unknown,172,14999.99
goVY0lvEfEM7eOhD8CY7,iphone,unknown,unknown,173,14999.99
goVY0lvEfEM7eOhD8CY7,iphone,unknown,unknown,174,14999.99
goVY0lvEfEM7eOhD8CY7,iphone,unknown,unknown,175,14999.99
goVY0lvEfEM7eOhD8CY7,iphone,unknown,unknown,176,14999.99
goVY0lvEfEM7eOhD8CY7,iphone,unknown,unknown,177,14999.99
goVY0lvEfEM7eOhD8CY7,iphone,unknown,unknown,178,14999.99
goVY0lvEfEM7eOhD8CY7,iphone,unknown,unknown,179,14999.99
goVY0lvEfEM7eOhD8CY7,iphone,unknown,unknown,180,14999.99
goVY0lvEfEM7eOhD8CY7,iphone,unknown,unknown,181,14999.99
goVY0lvEfEM7eOhD8CY7,iphone,unknown,unknown,182,14999.99
goVY0lvEfEM7eOhD8CY7,iphone,unknown,unknown,183,14999.99
goVY0lvEfEM7eOhD8CY7,iphone,unknown,unknown,184,14999.99
goVY0lvEfEM7eOhD8CY7,iphone,unknown,unknown,185,14999.99
goVY0lvEfEM7eOhD8CY7,iphone,unknown,unknown,186,14999.99
goVY0lvEfEM7eOhD8CY7,iphone,unknown,unknown,187,14999.99
goVY0lvEfEM7eOhD8CY7,iphone,unknown,unknown,188,14999.99
goVY0lvEfEM7eOhD8CY7,iphone,unknown,unknown,189,14999.99
goVY0lvEfEM7eOhD8CY7,iphone,unknown,unknown,190,14999.99
goVY0lvEfEM7eOhD8CY7,iphone,unknown,unknown,191,14999.99
goVY0lvEfEM7eOhD8CY7,iphone,unknown,unknown,192,14999.99
goVY0lvEfEM7eOhD8CY7,iphone,unknown,unknown,193,14999.99
goVY0lvEfEM7eOhD8CY7,iphone,unknown,unknown,194,14999.99
goVY0lvEfEM7eOhD8CY7,iphone,unknown,unknown,195,14999.99
goVY0lvEfEM7eOhD8CY7,iphone,unknown,unknown,196,14999.99
goVY0lvEfEM7eOhD8CY7,iphone,unknown,unknown,197,14999.99
goVY0lvEfEM7eOhD8CY7,iphone,unknown,unknown,198,14999.99
goVY0lvEfEM7eOhD8CY7,iphone,unknown,unknown,199,14999.99
goVY0lvEfEM7eOhD8CY7,iphone,unknown,unknown,200,14999.99
goVY0lvEfEM7eOhD8CY7,iphone,unknown,unknown,201,14999.99
goVY0lvEfEM7eOhD8CY7,iphone,unknown,unknown,202,14999.99
goVY0lvEfEM7eOhD8CY7,iphone,unknown,unknown,203,14999.99
goVY0lvEfEM7eOhD8CY7,iphone,unknown,unknown,204,14999.99
goVY0lvEfEM7eOhD8CY7,iphone,unknown,unknown,205,14999.99
goVY0lvEfEM7eOhD8CY7,iphone,unknown,unknown,206,14999.99
goVY0lvEfEM7eOhD8CY7,iphone,unknown,unknown,207,14999.99
goVY0lvEfEM7eOhD8CY7,iphone,unknown,unknown,208,14999.99
goVY0lvEfEM7eOhD8CY7,iphone,unknown,unknown,209,14999.99
goVY0lvEfEM7eOhD8CY7,iphone,unknown,unknown,210,14999.99
goVY0lvEfEM7eOhD8CY7,iphone,unknown,unknown,211,14999.99
goVY0lvEfEM7eOhD8CY7,iphone,unknown,unknown,212,14999.99
goVY0lvEfEM7eOhD8CY7,iphone,unknown,unknown,213,14999.99
goVY0lvEfEM7eOhD8CY7,iphone,unknown,unknown,214,14999.99
goVY0lvEfEM7eOhD8CY7,iphone,unknown,unknown,215,14999.99
goVY0lvEfEM7eOhD8CY7,iphone,unknown,unknown,216,14999.99
goVY0lvEfEM7eOhD8CY7,iphone,unknown,unknown,217,14999.99
goVY0lvEfEM7eOhD8CY7,iphone,unknown,unknown,218,14999.99
goVY0lvEfEM7eOhD8CY7,iphone,unknown,unknown,219,14999.99
goVY0lvEfEM7eOhD8CY7,iphone,unknown,unknown,220,14999.99
goVY0lvEfEM7eOhD8CY7,iphone,unknown,unknown,221,14999.99
goVY0lvEfEM7eOhD8CY7,iphone,unknown,unknown,222,14999.99
goVY0lvEfEM7eOhD8CY7,iphone,unknown,unknown,223,14999.99
goVY0lvEfEM7eOhD8CY7,iphone,unknown,unknown,224,14999.99
goVY0lvEfEM7eOhD8CY7,iphone,unknown,unknown,225,14999.99
goVY0lvEfEM7eOhD8CY7,iphone,unknown,unknown,226,14999.99
goVY0lvEfEM7eOhD8CY7,iphone,unknown,unknown,227,14999.99
goVY0lvEfEM7eOhD8CY7,iphone,unknown,unknown,228,14999.99
goVY0lvEfEM7eOhD8CY7,iphone,unknown,unknown,229,14999.99
goVY0lvEfEM7eOhD8CY7,iphone,unknown,unknown,230,14999.99
goVY0lvEfEM7eOhD8CY7,iphone,unknown,unknown,231,14999.99
goVY0lvEfEM7eOhD8CY7,iphone,unknown,unknown,232,14999.99
goVY0lvEfEM7eOhD8CY7,iphone,unknown,unknown,233,14999.99
goVY0lvEfEM7eOhD8CY7,iphone,unknown,unknown,234,14999.99
goVY0lvEfEM7eOhD8CY7,iphone,unknown,unknown,235,14999.99
goVY0lvEfEM7eOhD8CY7,iphone,unknown,unknown,236,14999.99
goVY0lvEfEM7eOhD8CY7,iphone,unknown,unknown,237,14999.99
goVY0lvEfEM7eOhD8CY7,iphone,unknown,unknown,238,14999.99
goVY0lvEfEM7eOhD8CY7,iphone,unknown,unknown,239,14999.99
goVY0lvEfEM7eOhD8CY7,iphone,unknown,unknown,240,14999.99
goVY0lvEfEM7eOhD8CY7,iphone,unknown,unknown,241,14999.99
goVY0lvEfEM7eOhD8CY7,iphone,unknown,unknown,242,14999.99
goVY0lvEfEM7eOhD8CY7,iphone,unknown,unknown,243,14999.99
goVY0lvEfEM7eOhD8CY7,iphone,unknown,unknown,244,14999.99
goVY0lvEfEM7eOhD8CY7,iphone,unknown,unknown,245,14999.99
goVY0lvEfEM7eOhD8CY7,iphone,unknown,unknown,246,14999.99
goVY0lvEfEM7eOhD8CY7,iphone,unknown,unknown,247,14999.99
goVY0lvEfEM7eOhD8CY7,iphone,unknown,unknown,248,14999.99
goVY0lvEfEM7eOhD8CY7,iphone,unknown,unknown,249,14999.99
goVY0lvEfEM7eOhD8CY7,iphone,unknown,unknown,250,14999.99
goVY0lvEfEM7eOhD8CY7,iphone,unknown,unknown,251,14999.99
goVY0lvEfEM7eOhD8CY7,iphone,unknown,unknown,252,14999.99
goVY0lvEfEM7eOhD8CY7,iphone,unknown,unknown,253,14999.99
goVY0lvEfEM7eOhD8CY7,iphone,unknown,unknown,254,14999.99
goVY0lvEfEM7eOhD8CY7,iphone,unknown,unknown,255,14999.99
goVY0lvEfEM7eOhD8CY7,iphone,unknown,unknown,256,14999.99
goVY0lvEfEM7eOhD8CY7,iphone,unknown,unknown,257,14999.99
goVY0lvEfEM7eOhD8CY7,iphone,unknown,unknown,258,14999.99
goVY0lvEfEM7eOhD8CY7,iphone,unknown,unknown,259,14999.99
goVY0lvEfEM7eOhD8CY7,iphone,unknown,unknown,260,14999.99
goVY0lvEfEM7eOhD8CY7,iphone,unknown,unknown,261,14999.99
goVY0lvEfEM7eOhD8CY7,iphone,unknown,unknown,262,14999.99
goVY0lvEfEM7eOhD8CY7,iphone,unknown,unknown,263,14999.99
goVY0lvEfEM7eOhD8CY7,iphone,unknown,unknown,264,14999.99
goVY0lvEfEM7eOhD8CY7,iphone,unknown,unknown,265,14999.99
goVY0lvEfEM7eOhD8CY7,iphone,unknown,unknown,266,14999.99
goVY0lvEfEM7eOhD8CY7,iphone,unknown,unknown,267,14999.99
goVY0lvEfEM7eOhD8CY7,iphone,unknown,unknown,268,14999.99
goVY0lvEfEM7eOhD8CY7,iphone,unknown,unknown,269,14999.99
goVY0lvEfEM7eOhD8CY7,iphone,unknown,unknown,270,14999.99
goVY0lvEfEM7eOhD8CY7,iphone,unknown,unknown,271,14999.99
goVY0lvEfEM7eOhD8CY7,iphone,unknown,unknown,272,14999.99
goVY0lvEfEM7eOhD8CY7,iphone,unknown,unknown,273,14999.99
goVY0lvEfEM7eOhD8CY7,iphone,unknown,unknown,274,14999.99
goVY0lvEfEM7eOhD8CY7,iphone,unknown,unknown,275,14999.99
goVY0lvEfEM7eOhD8CY7,iphone,unknown,unknown,276,14999.99
goVY0lvEfEM7eOhD8CY7,iphone,unknown,unknown,277,14999.99
goVY0lvEfEM7eOhD8CY7,iphone,unknown,unknown,278,14999.99
goVY0lvEfEM7eOhD8CY7,iphone,unknown,unknown,279,14999.99
goVY0lvEfEM7eOhD8CY7,iphone,unknown,unknown,280,14999.99
goVY0lvEfEM7eOhD8CY7,iphone,unknown,unknown,281,14999.99
goVY0lvEfEM7eOhD8CY7,iphone,unknown,unknown,282,14999.99
goVY0lvEfEM7eOhD8CY7,iphone,unknown,unknown,283,14999.99
goVY0lvEfEM7eOhD8CY7,iphone,unknown,unknown,284,14999.99
goVY0lvEfEM7eOhD8CY7,iphone,unknown,unknown,285,14999.99
goVY0lvEfEM7eOhD8CY7,iphone,unknown,unknown,286,14999.99
goVY0lvEfEM7eOhD8CY7,iphone,unknown,unknown,287,14999.99
goVY0lvEfEM7eOhD8CY7,iphone,unknown,unknown,288,14999.99
goVY0lvEfEM7eOhD8CY7,iphone,unknown,unknown,289,14999.99
goVY0lvEfEM7eOhD8CY7,iphone,unknown,unknown,290,14999.99
goVY0lvEfEM7eOhD8CY7,iphone,unknown,unknown,291,14999.99
goVY0lvEfEM7eOhD8CY7,iphone,unknown,unknown,292,14999.99
goVY0lvEfEM7eOhD8CY7,iphone,unknown,unknown,293,14999.99
goVY0lvEfEM7eOhD8CY7,iphone,unknown,unknown,294,14999.99
goVY0lvEfEM7eOhD8CY7,iphone,unknown,unknown,295,14999.99
goVY0lvEfEM7eOhD8CY7,iphone,unknown,unknown,296,14999.99
goVY0lvEfEM7eOhD8CY7,iphone,unknown,unknown,297,14999.99
goVY0lvEfEM7eOhD8CY7,iphone,unknown,unknown,298,14999.99
goVY0lvEfEM7eOhD8CY7,iphone,unknown,unknown,299,14999.99
goVY0lvEfEM7eOhD8CY7,iphone,unknown,unknown,300,14999.99
goVY0lvEfEM7eOhD8CY7,iphone,unknown,unknown,301,14999.99
goVY0lvEfEM7eOhD8CY7,iphone,unknown,unknown,302,14999.99
goVY0lvEfEM7eOhD8CY7,iphone,unknown,unknown,303,14999.99
goVY0lvEfEM7eOhD8CY7,iphone,unknown,unknown,304,14999.99
goVY0lvEfEM7eOhD8CY7,iphone,unknown,unknown,305,14999.99
goVY0lvEfEM7eOhD8CY7,iphone,unknown,unknown,306,14999.99
goVY0lvEfEM7eOhD8CY7,iphone,unknown,unknown,307,14999.99
goVY0lvEfEM7eOhD8CY7,iphone,unknown,unknown,308,14999.99
goVY0lvEfEM7eOhD8CY7,iphone,unknown,unknown,309,14999.99
goVY0lvEfEM7eOhD8CY7,iphone,unknown,unknown,310,14999.99
goVY0lvEfEM7eOhD8CY7,iphone,unknown,unknown,311,14999.99
goVY0lvEfEM7eOhD8CY7,iphone,unknown,unknown,312,14999.99
goVY0lvEfEM7eOhD8CY7,iphone,unknown,unknown,313,14999.99
goVY0lvEfEM7eOhD8CY7,iphone,unknown,unknown,314,14999.99
goVY0lvEfEM7eOhD8CY7,iphone,unknown,unknown,315,14999.99
goVY0lvEfEM7eOhD8CY7,iphone,unknown,unknown,316,14999.99
goVY0lvEfEM7eOhD8CY7,iphone,unknown,unknown,317,14999.99
goVY0lvEfEM7eOhD8CY7,iphone,unknown,unknown,318,14999.99
goVY0lvEfEM7eOhD8CY7,iphone,unknown,unknown,319,14999.99
goVY0lvEfEM7eOhD8CY7,iphone,unknown,unknown,320,14999.99
goVY0lvEfEM7eOhD8CY7,iphone,unknown,unknown,321,14999.99
goVY0lvEfEM7eOhD8CY7,iphone,unknown,unknown,322,14999.99
goVY0lvEfEM7eOhD8CY7,iphone,unknown,unknown,323,14999.99
goVY0lvEfEM7eOhD8CY7,iphone,unknown,unknown,324,14999.99
goVY0lvEfEM7eOhD8CY7,iphone,unknown,unknown,325,14999.99
goVY0lvEfEM7eOhD8CY7,iphone,unknown,unknown,326,14999.99
goVY0lvEfEM7eOhD8CY7,iphone,unknown,unknown,327,14999.99
goVY0lvEfEM7eOhD8CY7,iphone,unknown,unknown,328,14999.99
goVY0lvEfEM7eOhD8CY7,iphone,unknown,unknown,329,14999.99
goVY0lvEfEM7eOhD8CY7,iphone,unknown,unknown,330,14999.99
goVY0lvEfEM7eOhD8CY7,iphone,unknown,unknown,331,14999.99
goVY0lvEfEM7eOhD8CY7,iphone,unknown,unknown,332,14999.99
goVY0lvEfEM7eOhD8CY7,iphone,unknown,unknown,333,14999.99
goVY0lvEfEM7eOhD8CY7,iphone,unknown,unknown,334,14999.99
goVY0lvEfEM7eOhD8CY7,iphone,unknown,unknown,335,14999.99
goVY0lvEfEM7eOhD8CY7,iphone,unknown,unknown,336,14999.99
goVY0lvEfEM7eOhD8CY7,iphone,unknown,unknown,337,14999.99
goVY0lvEfEM7eOhD8CY7,iphone,unknown,unknown,338,14999.99
goVY0lvEfEM7eOhD8CY7,iphone,unknown,unknown,339,14999.99
goVY0lvEfEM7eOhD8CY7,iphone,unknown,unknown,340,14999.99
goVY0lvEfEM7eOhD8CY7,iphone,unknown,unknown,341,14999.99
goVY0lvEfEM7eOhD8CY7,iphone,unknown,unknown,342,14999.99
goVY0lvEfEM7eOhD8CY7,iphone,unknown,unknown,343,14999.99
goVY0lvEfEM7eOhD8CY7,iphone,unknown,unknown,344,14999.99
goVY0lvEfEM7eOhD8CY7,iphone,unknown,unknown,345,14999.99
goVY0lvEfEM7eOhD8CY7,iphone,unknown,unknown,346,14999.99
goVY0lvEfEM7eOhD8CY7,iphone,unknown,unknown,347,14999.99
goVY0lvEfEM7eOhD8CY7,iphone,unknown,unknown,348,14999.99
goVY0lvEfEM7eOhD8CY7,iphone,unknown,unknown,349,14999.99
goVY0lvEfEM7eOhD8CY7,iphone,unknown,unknown,350,14999.99
goVY0lvEfEM7eOhD8CY7,iphone,unknown,unknown,351,14999.99
goVY0lvEfEM7eOhD8CY7,iphone,unknown,unknown,352,14999.99
goVY0lvEfEM7eOhD8CY7,iphone,unknown,unknown,353,14999.99
goVY0lvEfEM7eOhD8CY7,iphone,unknown,unknown,354,14999.99
goVY0lvEfEM7eOhD8CY7,iphone,unknown,unknown,355,14999.99
goVY0lvEfEM7eOhD8CY7,iphone,unknown,unknown,356,14999.99
goVY0lvEfEM7eOhD8CY7,iphone,unknown,unknown,357,14999.99
goVY0lvEfEM7eOhD8CY7,iphone,unknown,unknown,358,14999.99
goVY0lvEfEM7eOhD8CY7,iphone,unknown,unknown,359,14999.99
goVY0lvEfEM7eOhD8CY7,iphone,unknown,unknown,360,14999.99
goVY0lvEfEM7eOhD8CY7,iphone,unknown,unknown,361,14999.99
goVY0lvEfEM7eOhD8CY7,iphone,unknown,unknown,362,14999.99
goVY0lvEfEM7eOhD8CY7,iphone,unknown,unknown,363,14999.99
goVY0lvEfEM7eOhD8CY7,iphone,unknown,unknown,364,14999.99
goVY0lvEfEM7eOhD8CY7,iphone,unknown,unknown,365,14999.99
goVY0lvEfEM7eOhD8CY7,iphone,unknown,unknown,366,14999.99
goVY0lvEfEM7eOhD8CY7,iphone,unknown,unknown,367,14999.99
goVY0lvEfEM7eOhD8CY7,iphone,unknown,unknown,368,14999.99
goVY0lvEfEM7eOhD8CY7,iphone,unknown,unknown,369,14999.99
goVY0lvEfEM7eOhD8CY7,iphone,unknown,unknown,370,14999.99
goVY0lvEfEM7eOhD8CY7,iphone,unknown,unknown,371,14999.99
goVY0lvEfEM7eOhD8CY7,iphone,unknown,unknown,372,14999.99
goVY0lvEfEM7eOhD8CY7,iphone,unknown,unknown,373,14999.99
goVY0lvEfEM7eOhD8CY7,iphone,unknown,unknown,374,14999.99
goVY0lvEfEM7eOhD8CY7,iphone,unknown,unknown,375,14999.99
goVY0lvEfEM7eOhD8CY7,iphone,unknown,unknown,376,14999.99
goVY0lvEfEM7eOhD8CY7,iphone,unknown,unknown,377,14999.99
goVY0lvEfEM7eOhD8CY7,iphone,unknown,unknown,378,14999.99
goVY0lvEfEM7eOhD8CY7,iphone,unknown,unknown,379,14999.99
goVY0lvEfEM7eOhD8CY7,iphone,unknown,unknown,380,14999.99
goVY0lvEfEM7eOhD8CY7,iphone,unknown,unknown,381,14999.99
goVY0lvEfEM7eOhD8CY7,iphone,unknown,unknown,382,14999.99
goVY0lvEfEM7eOhD8CY7,iphone,unknown,unknown,383,14999.99
goVY0lvEfEM7eOhD8CY7,iphone,unknown,unknown,384,14999.99
goVY0lvEfEM7eOhD8CY7,iphone,unknown,unknown,385,14999.99
goVY0lvEfEM7eOhD8CY7,iphone,unknown,unknown,386,14999.99
goVY0lvEfEM7eOhD8CY7,iphone,unknown,unknown,387,14999.99
goVY0lvEfEM7eOhD8CY7,iphone,unknown,unknown,388,14999.99
goVY0lvEfEM7eOhD8CY7,iphone,unknown,unknown,389,14999.99
goVY0lvEfEM7eOhD8CY7,iphone,unknown,unknown,390,14999.99
goVY0lvEfEM7eOhD8CY7,iphone,unknown,unknown,391,14999.99
goVY0lvEfEM7eOhD8CY7,iphone,unknown,unknown,392,14999.99
goVY0lvEfEM7eOhD8CY7,iphone,unknown,unknown,393,14999.99
goVY0lvEfEM7eOhD8CY7,iphone,unknown,unknown,394,14999.99
goVY0lvEfEM7eOhD8CY7,iphone,unknown,unknown,395,14999.99
goVY0lvEfEM7eOhD8CY7,iphone,unknown,unknown,396,14999.99
goVY0lvEfEM7eOhD8CY7,iphone,unknown,unknown,397,14999.99
goVY0lvEfEM7eOhD8CY7,iphone,unknown,unknown,398,14999.99
goVY0lvEfEM7eOhD8CY7,iphone,unknown,unknown,399,14999.99
goVY0lvEfEM7eOhD8CY7,iphone,unknown,unknown,400,14999.99
goVY0lvEfEM7eOhD8CY7,iphone,unknown,unknown,401,14999.99
goVY0lvEfEM7eOhD8CY7,iphone,unknown,unknown,402,14999.99
goVY0lvEfEM7eOhD8CY7,iphone,unknown,unknown,403,14999.99
goVY0lvEfEM7eOhD8CY7,iphone,unknown,unknown,404,14999.99
goVY0lvEfEM7eOhD8CY7,iphone,unknown,unknown,405,14999.99
goVY0lvEfEM7eOhD8CY7,iphone,unknown,unknown,406,14999.99
goVY0lvEfEM7eOhD8CY7,iphone,unknown,unknown,407,14999.99
goVY0lvEfEM7eOhD8CY7,iphone,unknown,unknown,408,14999.99
goVY0lvEfEM7eOhD8CY7,iphone,unknown,unknown,409,14999.99
goVY0lvEfEM7eOhD8CY7,iphone,unknown,unknown,410,14999.99
goVY0lvEfEM7eOhD8CY7,iphone,unknown,unknown,411,14999.99
goVY0lvEfEM7eOhD8CY7,iphone,unknown,unknown,412,14999.99
goVY0lvEfEM7eOhD8CY7,iphone,unknown,unknown,413,14999.99
goVY0lvEfEM7eOhD8CY7,iphone,unknown,unknown,414,14999.99
goVY0lvEfEM7eOhD8CY7,iphone,unknown,unknown,415,14999.99
goVY0lvEfEM7eOhD8CY7,iphone,unknown,unknown,416,14999.99
goVY0lvEfEM7eOhD8CY7,iphone,unknown,unknown,417,14999.99
goVY0lvEfEM7eOhD8CY7,iphone,unknown,unknown,418,14999.99
goVY0lvEfEM7eOhD8CY7,iphone,unknown,unknown,419,14999.99
goVY0lvEfEM7eOhD8CY7,iphone,unknown,unknown,420,14999.99
goVY0lvEfEM7eOhD8CY7,iphone,unknown,unknown,421,14999.99
goVY0lvEfEM7eOhD8CY7,iphone,unknown,unknown,422,14999.99
goVY0lvEfEM7eOhD8CY7,iphone,unknown,unknown,423,14999.99
goVY0lvEfEM7eOhD8CY7,iphone,unknown,unknown,424,14999.99
goVY0lvEfEM7eOhD8CY7,iphone,unknown,unknown,425,14999.99
goVY0lvEfEM7eOhD8CY7,iphone,unknown,unknown,426,14999.99
goVY0lvEfEM7eOhD8CY7,iphone,unknown,unknown,427,14999.99
goVY0lvEfEM7eOhD8CY7,iphone,unknown,unknown,428,14999.99
goVY0lvEfEM7eOhD8CY7,iphone,unknown,unknown,429,14999.99
goVY0lvEfEM7eOhD8CY7,iphone,unknown,unknown,430,14999.99
goVY0lvEfEM7eOhD8CY7,iphone,unknown,unknown,431,14999.99
goVY0lvEfEM7eOhD8CY7,iphone,unknown,unknown,432,14999.99
goVY0lvEfEM7eOhD8CY7,iphone,unknown,unknown,433,14999.99
goVY0lvEfEM7eOhD8CY7,iphone,unknown,unknown,434,14999.99
goVY0lvEfEM7eOhD8CY7,iphone,unknown,unknown,435,14999.99
goVY0lvEfEM7eOhD8CY7,iphone,unknown,unknown,436,14999.99
goVY0lvEfEM7eOhD8CY7,iphone,unknown,unknown,437,14999.99
goVY0lvEfEM7eOhD8CY7,iphone,unknown,unknown,438,14999.99
goVY0lvEfEM7eOhD8CY7,iphone,unknown,unknown,439,14999.99
goVY0lvEfEM7eOhD8CY7,iphone,unknown,unknown,440,14999.99
goVY0lvEfEM7eOhD8CY7,iphone,unknown,unknown,441,14999.99
goVY0lvEfEM7eOhD8CY7,iphone,unknown,unknown,442,14999.99
goVY0lvEfEM7eOhD8CY7,iphone,unknown,unknown,443,14999.99
goVY0lvEfEM7eOhD8CY7,iphone,unknown,unknown,444,14999.99
goVY0lvEfEM7eOhD8CY7,iphone,unknown,unknown,445,14999.99
goVY0lvEfEM7eOhD8CY7,iphone,unknown,unknown,446,14999.99
goVY0lvEfEM7eOhD8CY7,iphone,unknown,unknown,447,14999.99
goVY0lvEfEM7eOhD8CY7,iphone,unknown,unknown,448,14999.99
goVY0lvEfEM7eOhD8CY7,iphone,unknown,unknown,449,14999.99
goVY0lvEfEM7eOhD8CY7,iphone,unknown,unknown,450,14999.99
goVY0lvEfEM7eOhD8CY7,iphone,unknown,unknown,451,14999.99
goVY0lvEfEM7eOhD8CY7,iphone,unknown,unknown,452,14999.99
goVY0lvEfEM7eOhD8CY7,iphone,unknown,unknown,453,14999.99
goVY0lvEfEM7eOhD8CY7,iphone,unknown,unknown,454,14999.99
goVY0lvEfEM7eOhD8CY7,iphone,unknown,unknown,455,14999.99
goVY0lvEfEM7eOhD8CY7,iphone,unknown,unknown,456,14999.99
goVY0lvEfEM7eOhD8CY7,iphone,unknown,unknown,457,14999.99
goVY0lvEfEM7eOhD8CY7,iphone,unknown,unknown,458,14999.99
goVY0lvEfEM7eOhD8CY7,iphone,unknown,unknown,459,14999.99
goVY0lvEfEM7eOhD8CY7,iphone,unknown,unknown,460,14999.99
goVY0lvEfEM7eOhD8CY7,iphone,unknown,unknown,461,14999.99
goVY0lvEfEM7eOhD8CY7,iphone,unknown,unknown,462,14999.99
goVY0lvEfEM7eOhD8CY7,iphone,unknown,unknown,463,14999.99
goVY0lvEfEM7eOhD8CY7,iphone,unknown,unknown,464,14999.99
goVY0lvEfEM7eOhD8CY7,iphone,unknown,unknown,465,14999.99
goVY0lvEfEM7eOhD8CY7,iphone,unknown,unknown,466,14999.99
goVY0lvEfEM7eOhD8CY7,iphone,unknown,unknown,467,14999.99
goVY0lvEfEM7eOhD8CY7,iphone,unknown,unknown,468,14999.99
goVY0lvEfEM7eOhD8CY7,iphone,unknown,unknown,469,14999.99
goVY0lvEfEM7eOhD8CY7,iphone,unknown,unknown,470,14999.99
goVY0lvEfEM7eOhD8CY7,iphone,unknown,unknown,471,14999.99
goVY0lvEfEM7eOhD8CY7,iphone,unknown,unknown,472,14999.99
goVY0lvEfEM7eOhD8CY7,iphone,unknown,unknown,473,14999.99
goVY0lvEfEM7eOhD8CY7,iphone,unknown,unknown,474,14999.99
goVY0lvEfEM7eOhD8CY7,iphone,unknown,unknown,475,14999.99
goVY0lvEfEM7eOhD8CY7,iphone,unknown,unknown,476,14999.99
goVY0lvEfEM7eOhD8CY7,iphone,unknown,unknown,477,14999.99
goVY0lvEfEM7eOhD8CY7,iphone,unknown,unknown,478,14999.99
goVY0lvEfEM7eOhD8CY7,iphone,unknown,unknown,479,14999.99
goVY0lvEfEM7eOhD8CY7,iphone,unknown,unknown,480,14999.99
goVY0lvEfEM7eOhD8CY7,iphone,unknown,unknown,481,14999.99
goVY0lvEfEM7eOhD8CY7,iphone,unknown,unknown,482,14999.99
goVY0lvEfEM7eOhD8CY7,iphone,unknown,unknown,483,14999.99
goVY0lvEfEM7eOhD8CY7,iphone,unknown,unknown,484,14999.99
goVY0lvEfEM7eOhD8CY7,iphone,unknown,unknown,485,14999.99
goVY0lvEfEM7eOhD8CY7,iphone,unknown,unknown,486,14999.99
goVY0lvEfEM7eOhD8CY7,iphone,unknown,unknown,487,14999.99
goVY0lvEfEM7eOhD8CY7,iphone,unknown,unknown,488,14999.99
goVY0lvEfEM7eOhD8CY7,iphone,unknown,unknown,489,14999.99
goVY0lvEfEM7eOhD8CY7,iphone,unknown,unknown,490,14999.99
goVY0lvEfEM7eOhD8CY7,iphone,unknown,unknown,491,14999.99
goVY0lvEfEM7eOhD8CY7,iphone,unknown,unknown,492,14999.99
goVY0lvEfEM7eOhD8CY7,iphone,unknown,unknown,493,14999.99
goVY0lvEfEM7eOhD8CY7,iphone,unknown,unknown,494,14999.99
goVY0lvEfEM7eOhD8CY7,iphone,unknown,unknown,495,14999.99
goVY0lvEfEM7eOhD8CY7,iphone,unknown,unknown,496,14999.99
goVY0lvEfEM7eOhD8CY7,iphone,unknown,unknown,497,14999.99
goVY0lvEfEM7eOhD8CY7,iphone,unknown,unknown,498,14999.99
goVY0lvEfEM7eOhD8CY7,iphone,unknown,unknown,499,14999.99
goVY0lvEfEM7eOhD8CY7,iphone,unknown,unknown,500,14999.99
goVY0lvEfEM7eOhD8CY7,iphone,unknown,unknown,501,14999.99
goVY0lvEfEM7eOhD8CY7,iphone,unknown,unknown,502,14999.99
goVY0lvEfEM7eOhD8CY7,iphone,unknown,unknown,503,14999.99
goVY0lvEfEM7eOhD8CY7,iphone,unknown,unknown,504,14999.99
goVY0lvEfEM7eOhD8CY7,iphone,unknown,unknown,505,14999.99
goVY0lvEfEM7eOhD8CY7,iphone,unknown,unknown,506,14999.99
goVY0lvEfEM7eOhD8CY7,iphone,unknown,unknown,507,14999.99
goVY0lvEfEM7eOhD8CY7,iphone,unknown,unknown,508,14999.99
goVY0lvEfEM7eOhD8CY7,iphone,unknown,unknown,509,14999.99
goVY0lvEfEM7eOhD8CY7,iphone,unknown,unknown,510,14999.99
goVY0lvEfEM7eOhD8CY7,iphone,unknown,unknown,511,14999.99
goVY0lvEfEM7eOhD8CY7,iphone,unknown,unknown,512,14999.99
goVY0lvEfEM7eOhD8CY7,iphone,unknown,unknown,513,14999.99
goVY0lvEfEM7eOhD8CY7,iphone,unknown,unknown,514,14999.99
goVY0lvEfEM7eOhD8CY7,iphone,unknown,unknown,515,14999.99
goVY0lvEfEM7eOhD8CY7,iphone,unknown,unknown,516,14999.99
goVY0lvEfEM7eOhD8CY7,iphone,unknown,unknown,517,14999.99
goVY0lvEfEM7eOhD8CY7,iphone,unknown,unknown,518,14999.99
goVY0lvEfEM7eOhD8CY7,iphone,unknown,unknown,519,14999.99
goVY0lvEfEM7eOhD8CY7,iphone,unknown,unknown,520,14999.99
goVY0lvEfEM7eOhD8CY7,iphone,unknown,unknown,521,14999.99
goVY0lvEfEM7eOhD8CY7,iphone,unknown,unknown,522,14999.99
goVY0lvEfEM7eOhD8CY7,iphone,unknown,unknown,523,14999.99
goVY0lvEfEM7eOhD8CY7,iphone,unknown,unknown,524,14999.99
goVY0lvEfEM7eOhD8CY7,iphone,unknown,unknown,525,14999.99
goVY0lvEfEM7eOhD8CY7,iphone,unknown,unknown,526,14999.99
goVY0lvEfEM7eOhD8CY7,iphone,unknown,unknown,527,14999.99
goVY0lvEfEM7eOhD8CY7,iphone,unknown,unknown,528,14999.99
goVY0lvEfEM7eOhD8CY7,iphone,unknown,unknown,529,14999.99
goVY0lvEfEM7eOhD8CY7,iphone,unknown,unknown,530,14999.99
goVY0lvEfEM7eOhD8CY7,iphone,unknown,unknown,531,14999.99
goVY0lvEfEM7eOhD8CY7,iphone,unknown,unknown,532,14999.99
goVY0lvEfEM7eOhD8CY7,iphone,unknown,unknown,533,14999.99
goVY0lvEfEM7eOhD8CY7,iphone,unknown,unknown,534,14999.99
goVY0lvEfEM7eOhD8CY7,iphone,unknown,unknown,535,14999.99
goVY0lvEfEM7eOhD8CY7,iphone,unknown,unknown,536,14999.99
goVY0lvEfEM7eOhD8CY7,iphone,unknown,unknown,537,14999.99
goVY0lvEfEM7eOhD8CY7,iphone,unknown,unknown,538,14999.99
goVY0lvEfEM7eOhD8CY7,iphone,unknown,unknown,539,14999.99
goVY0lvEfEM7eOhD8CY7,iphone,unknown,unknown,540,14999.99
goVY0lvEfEM7eOhD8CY7,iphone,unknown,unknown,541,14999.99
goVY0lvEfEM7eOhD8CY7,iphone,unknown,unknown,542,14999.99
goVY0lvEfEM7eOhD8CY7,iphone,unknown,unknown,543,14999.99
goVY0lvEfEM7eOhD8CY7,iphone,unknown,unknown,544,14999.99
goVY0lvEfEM7eOhD8CY7,iphone,unknown,unknown,545,14999.99
goVY0lvEfEM7eOhD8CY7,iphone,unknown,unknown,546,14999.99
goVY0lvEfEM7eOhD8CY7,iphone,unknown,unknown,547,14999.99
goVY0lvEfEM7eOhD8CY7,iphone,unknown,unknown,548,14999.99
goVY0lvEfEM7eOhD8CY7,iphone,unknown,unknown,549,14999.99
goVY0lvEfEM7eOhD8CY7,iphone,unknown,unknown,550,14999.99
goVY0lvEfEM7eOhD8CY7,iphone,unknown,unknown,551,14999.99
goVY0lvEfEM7eOhD8CY7,iphone,unknown,unknown,552,14999.99
goVY0lvEfEM7eOhD8CY7,iphone,unknown,unknown,553,14999.99
goVY0lvEfEM7eOhD8CY7,iphone,unknown,unknown,554,14999.99
goVY0lvEfEM7eOhD8CY7,iphone,unknown,unknown,555,14999.99
goVY0lvEfEM7eOhD8CY7,iphone,unknown,unknown,556,14999.99
goVY0lvEfEM7eOhD8CY7,iphone,unknown,unknown,557,14999.99
goVY0lvEfEM7eOhD8CY7,iphone,unknown,unknown,558,14999.99
goVY0lvEfEM7eOhD8CY7,iphone,unknown,unknown,559,14999.99
goVY0lvEfEM7eOhD8CY7,iphone,unknown,unknown,560,14999.99
goVY0lvEfEM7eOhD8CY7,iphone,unknown,unknown,561,14999.99
goVY0lvEfEM7eOhD8CY7,iphone,unknown,unknown,562,14999.99
goVY0lvEfEM7eOhD8CY7,iphone,unknown,unknown,563,14999.99
goVY0lvEfEM7eOhD8CY7,iphone,unknown,unknown,564,14999.99
goVY0lvEfEM7eOhD8CY7,iphone,unknown,unknown,565,14999.99
goVY0lvEfEM7eOhD8CY7,iphone,unknown,unknown,566,14999.99
goVY0lvEfEM7eOhD8CY7,iphone,unknown,unknown,567,14999.99
goVY0lvEfEM7eOhD8CY7,iphone,unknown,unknown,568,14999.99
goVY0lvEfEM7eOhD8CY7,iphone,unknown,unknown,569,14999.99
goVY0lvEfEM7eOhD8CY7,iphone,unknown,unknown,570,14999.99
goVY0lvEfEM7eOhD8CY7,iphone,unknown,unknown,571,14999.99
goVY0lvEfEM7eOhD8CY7,iphone,unknown,unknown,572,14999.99
goVY0lvEfEM7eOhD8CY7,iphone,unknown,unknown,573,14999.99
goVY0lvEfEM7eOhD8CY7,iphone,unknown,unknown,574,14999.99
goVY0lvEfEM7eOhD8CY7,iphone,unknown,unknown,575,14999.99
goVY0lvEfEM7eOhD8CY7,iphone,unknown,unknown,576,14999.99
goVY0lvEfEM7eOhD8CY7,iphone,unknown,unknown,577,14999.99
goVY0lvEfEM7eOhD8CY7,iphone,unknown,unknown,578,14999.99
goVY0lvEfEM7eOhD8CY7,iphone,unknown,unknown,579,14999.99
goVY0lvEfEM7eOhD8CY7,iphone,unknown,unknown,580,14999.99
goVY0lvEfEM7eOhD8CY7,iphone,unknown,unknown,581,14999.99
goVY0lvEfEM7eOhD8CY7,iphone,unknown,unknown,582,14999.99
goVY0lvEfEM7eOhD8CY7,iphone,unknown,unknown,583,14999.99
goVY0lvEfEM7eOhD8CY7,iphone,unknown,unknown,584,14999.99
goVY0lvEfEM7eOhD8CY7,iphone,unknown,unknown,585,14999.99
goVY0lvEfEM7eOhD8CY7,iphone,unknown,unknown,586,14999.99
goVY0lvEfEM7eOhD8CY7,iphone,unknown,unknown,587,14999.99
goVY0lvEfEM7eOhD8CY7,iphone,unknown,unknown,588,14999.99
goVY0lvEfEM7eOhD8CY7,iphone,unknown,unknown,589,14999.99
goVY0lvEfEM7eOhD8CY7,iphone,unknown,unknown,590,14999.99
goVY0lvEfEM7eOhD8CY7,iphone,unknown,unknown,591,14999.99
goVY0lvEfEM7eOhD8CY7,iphone,unknown,unknown,592,14999.99
goVY0lvEfEM7eOhD8CY7,iphone,unknown,unknown,593,14999.99
goVY0lvEfEM7eOhD8CY7,iphone,unknown,unknown,594,14999.99
goVY0lvEfEM7eOhD8CY7,iphone,unknown,unknown,595,14999.99
goVY0lvEfEM7eOhD8CY7,iphone,unknown,unknown,596,14999.99
goVY0lvEfEM7eOhD8CY7,iphone,unknown,unknown,597,14999.99
goVY0lvEfEM7eOhD8CY7,iphone,unknown,unknown,598,14999.99
goVY0lvEfEM7eOhD8CY7,iphone,unknown,unknown,599,14999.99
goVY0lvEfEM7eOhD8CY7,iphone,unknown,unknown,600,14999.99
goVY0lvEfEM7eOhD8CY7,iphone,unknown,unknown,601,14999.99
goVY0lvEfEM7eOhD8CY7,iphone,unknown,unknown,602,14999.99
goVY0lvEfEM7eOhD8CY7,iphone,unknown,unknown,603,14999.99
goVY0lvEfEM7eOhD8CY7,iphone,unknown,unknown,604,14999.99
goVY0lvEfEM7eOhD8CY7,iphone,unknown,unknown,605,14999.99
goVY0lvEfEM7eOhD8CY7,iphone,unknown,unknown,606,14999.99
goVY0lvEfEM7eOhD8CY7,iphone,unknown,unknown,607,14999.99
goVY0lvEfEM7eOhD8CY7,iphone,unknown,unknown,608,14999.99
goVY0lvEfEM7eOhD8CY7,iphone,unknown,unknown,609,14999.99
goVY0lvEfEM7eOhD8CY7,iphone,unknown,unknown,610,14999.99
goVY0lvEfEM7eOhD8CY7,iphone,unknown,unknown,611,14999.99
goVY0lvEfEM7eOhD8CY7,iphone,unknown,unknown,612,14999.99
goVY0lvEfEM7eOhD8CY7,iphone,unknown,unknown,613,14999.99
goVY0lvEfEM7eOhD8CY7,iphone,unknown,unknown,614,14999.99
goVY0lvEfEM7eOhD8CY7,iphone,unknown,unknown,615,14999.99
goVY0lvEfEM7eOhD8CY7,iphone,unknown,unknown,616,14999.99
goVY0lvEfEM7eOhD8CY7,iphone,unknown,unknown,617,14999.99
goVY0lvEfEM7eOhD8CY7,iphone,unknown,unknown,618,14999.99
goVY0lvEfEM7eOhD8CY7,iphone,unknown,unknown,619,14999.99
goVY0lvEfEM7eOhD8CY7,iphone,unknown,unknown,620,14999.99
goVY0lvEfEM7eOhD8CY7,iphone,unknown,unknown,621,14999.99
goVY0lvEfEM7eOhD8CY7,iphone,unknown,unknown,622,14999.99
goVY0lvEfEM7eOhD8CY7,iphone,unknown,unknown,623,14999.99
goVY0lvEfEM7eOhD8CY7,iphone,unknown,unknown,624,14999.99
goVY0lvEfEM7eOhD8CY7,iphone,unknown,unknown,625,14999.99
goVY0lvEfEM7eOhD8CY7,iphone,unknown,unknown,626,14999.99
goVY0lvEfEM7eOhD8CY7,iphone,unknown,unknown,627,14999.99
goVY0lvEfEM7eOhD8CY7,iphone,unknown,unknown,628,14999.99
goVY0lvEfEM7eOhD8CY7,iphone,unknown,unknown,629,14999.99
goVY0lvEfEM7eOhD8CY7,iphone,unknown,unknown,630,14999.99
goVY0lvEfEM7eOhD8CY7,iphone,unknown,unknown,631,14999.99
goVY0lvEfEM7eOhD8CY7,iphone,unknown,unknown,632,14999.99
goVY0lvEfEM7eOhD8CY7,iphone,unknown,unknown,633,14999.99
goVY0lvEfEM7eOhD8CY7,iphone,unknown,unknown,634,14999.99
goVY0lvEfEM7eOhD8CY7,iphone,unknown,unknown,635,14999.99
goVY0lvEfEM7eOhD8CY7,iphone,unknown,unknown,636,14999.99
goVY0lvEfEM7eOhD8CY7,iphone,unknown,unknown,637,14999.99
goVY0lvEfEM7eOhD8CY7,iphone,unknown,unknown,638,14999.99
goVY0lvEfEM7eOhD8CY7,iphone,unknown,unknown,639,14999.99
goVY0lvEfEM7eOhD8CY7,iphone,unknown,unknown,640,14999.99
goVY0lvEfEM7eOhD8CY7,iphone,unknown,unknown,641,14999.99
goVY0lvEfEM7eOhD8CY7,iphone,unknown,unknown,642,14999.99
goVY0lvEfEM7eOhD8CY7,iphone,unknown,unknown,643,14999.99
goVY0lvEfEM7eOhD8CY7,iphone,unknown,unknown,644,14999.99
goVY0lvEfEM7eOhD8CY7,iphone,unknown,unknown,645,14999.99
goVY0lvEfEM7eOhD8CY7,iphone,unknown,unknown,646,14999.99
goVY0lvEfEM7eOhD8CY7,iphone,unknown,unknown,647,14999.99
goVY0lvEfEM7eOhD8CY7,iphone,unknown,unknown,648,14999.99
goVY0lvEfEM7eOhD8CY7,iphone,unknown,unknown,649,14999.99
goVY0lvEfEM7eOhD8CY7,iphone,unknown,unknown,650,14999.99
goVY0lvEfEM7eOhD8CY7,iphone,unknown,unknown,651,14999.99
goVY0lvEfEM7eOhD8CY7,iphone,unknown,unknown,652,14999.99
goVY0lvEfEM7eOhD8CY7,iphone,unknown,unknown,653,14999.99
goVY0lvEfEM7eOhD8CY7,iphone,unknown,unknown,654,14999.99
goVY0lvEfEM7eOhD8CY7,iphone,unknown,unknown,655,14999.99
goVY0lvEfEM7eOhD8CY7,iphone,unknown,unknown,656,14999.99
goVY0lvEfEM7eOhD8CY7,iphone,unknown,unknown,657,14999.99
goVY0lvEfEM7eOhD8CY7,iphone,unknown,unknown,658,14999.99
goVY0lvEfEM7eOhD8CY7,iphone,unknown,unknown,659,14999.99
goVY0lvEfEM7eOhD8CY7,iphone,unknown,unknown,660,14999.99
goVY0lvEfEM7eOhD8CY7,iphone,unknown,unknown,661,14999.99
goVY0lvEfEM7eOhD8CY7,iphone,unknown,unknown,662,14999.99
goVY0lvEfEM7eOhD8CY7,iphone,unknown,unknown,663,14999.99
goVY0lvEfEM7eOhD8CY7,iphone,unknown,unknown,664,14999.99
goVY0lvEfEM7eOhD8CY7,iphone,unknown,unknown,665,14999.99
goVY0lvEfEM7eOhD8CY7,iphone,unknown,unknown,666,14999.99
goVY0lvEfEM7eOhD8CY7,iphone,unknown,unknown,667,14999.99
goVY0lvEfEM7eOhD8CY7,iphone,unknown,unknown,668,14999.99
goVY0lvEfEM7eOhD8CY7,iphone,unknown,unknown,669,14999.99
goVY0lvEfEM7eOhD8CY7,iphone,unknown,unknown,670,14999.99
goVY0lvEfEM7eOhD8CY7,iphone,unknown,unknown,671,14999.99
goVY0lvEfEM7eOhD8CY7,iphone,unknown,unknown,672,14999.99
goVY0lvEfEM7eOhD8CY7,iphone,unknown,unknown,673,14999.99
goVY0lvEfEM7eOhD8CY7,iphone,unknown,unknown,674,14999.99
goVY0lvEfEM7eOhD8CY7,iphone,unknown,unknown,675,14999.99
goVY0lvEfEM7eOhD8CY7,iphone,unknown,unknown,676,14999.99
goVY0lvEfEM7eOhD8CY7,iphone,unknown,unknown,677,14999.99
goVY0lvEfEM7eOhD8CY7,iphone,unknown,unknown,678,14999.99
goVY0lvEfEM7eOhD8CY7,iphone,unknown,unknown,679,14999.99
goVY0lvEfEM7eOhD8CY7,iphone,unknown,unknown,680,14999.99
goVY0lvEfEM7eOhD8CY7,iphone,unknown,unknown,681,14999.99
goVY0lvEfEM7eOhD8CY7,iphone,unknown,unknown,682,14999.99
goVY0lvEfEM7eOhD8CY7,iphone,unknown,unknown,683,14999.99
goVY0lvEfEM7eOhD8CY7,iphone,unknown,unknown,684,14999.99
goVY0lvEfEM7eOhD8CY7,iphone,unknown,unknown,685,14999.99
goVY0lvEfEM7eOhD8CY7,iphone,unknown,unknown,686,14999.99
goVY0lvEfEM7eOhD8CY7,iphone,unknown,unknown,687,14999.99
goVY0lvEfEM7eOhD8CY7,iphone,unknown,unknown,688,14999.99
goVY0lvEfEM7eOhD8CY7,iphone,unknown,unknown,689,14999.99
goVY0lvEfEM7eOhD8CY7,iphone,unknown,unknown,690,14999.99
goVY0lvEfEM7eOhD8CY7,iphone,unknown,unknown,691,14999.99
goVY0lvEfEM7eOhD8CY7,iphone,unknown,unknown,692,14999.99
goVY0lvEfEM7eOhD8CY7,iphone,unknown,unknown,693,14999.99
goVY0lvEfEM7eOhD8CY7,iphone,unknown,unknown,694,14999.99
goVY0lvEfEM7eOhD8CY7,iphone,unknown,unknown,695,14999.99
goVY0lvEfEM7eOhD8CY7,iphone,unknown,unknown,696,14999.99
goVY0lvEfEM7eOhD8CY7,iphone,unknown,unknown,697,14999.99
goVY0lvEfEM7eOhD8CY7,iphone,unknown,unknown,698,14999.99
goVY0lvEfEM7eOhD8CY7,iphone,unknown,unknown,699,14999.99
goVY0lvEfEM7eOhD8CY7,iphone,unknown,unknown,700,14999.99
goVY0lvEfEM7eOhD8CY7,iphone,unknown,unknown,701,14999.99
goVY0lvEfEM7eOhD8CY7,iphone,unknown,unknown,702,14999.99
goVY0lvEfEM7eOhD8CY7,iphone,unknown,unknown,703,14999.99
goVY0lvEfEM7eOhD8CY7,iphone,unknown,unknown,704,14999.99
goVY0lvEfEM7eOhD8CY7,iphone,unknown,unknown,705,14999.99
goVY0lvEfEM7eOhD8CY7,iphone,unknown,unknown,706,14999.99
goVY0lvEfEM7eOhD8CY7,iphone,unknown,unknown,707,14999.99
goVY0lvEfEM7eOhD8CY7,iphone,unknown,unknown,708,14999.99
goVY0lvEfEM7eOhD8CY7,iphone,unknown,unknown,709,14999.99
goVY0lvEfEM7eOhD8CY7,iphone,unknown,unknown,710,14999.99
goVY0lvEfEM7eOhD8CY7,iphone,unknown,unknown,711,14999.99
goVY0lvEfEM7eOhD8CY7,iphone,unknown,unknown,712,14999.99
goVY0lvEfEM7eOhD8CY7,iphone,unknown,unknown,713,14999.99
goVY0lvEfEM7eOhD8CY7,iphone,unknown,unknown,714,14999.99
goVY0lvEfEM7eOhD8CY7,iphone,unknown,unknown,715,14999.99
mXKZjz7WZFkZ2cIyjXcL,Sony WH-1000XM5,unknown,unknown,1,400.00
mXKZjz7WZFkZ2cIyjXcL,Sony WH-1000XM5,unknown,unknown,2,400.00
mXKZjz7WZFkZ2cIyjXcL,Sony WH-1000XM5,unknown,unknown,3,400.00
mXKZjz7WZFkZ2cIyjXcL,Sony WH-1000XM5,unknown,unknown,4,400.00
mXKZjz7WZFkZ2cIyjXcL,Sony WH-1000XM5,unknown,unknown,5,400.00
mXKZjz7WZFkZ2cIyjXcL,Sony WH-1000XM5,unknown,unknown,6,400.00
mXKZjz7WZFkZ2cIyjXcL,Sony WH-1000XM5,unknown,unknown,7,400.00
mXKZjz7WZFkZ2cIyjXcL,Sony WH-1000XM5,unknown,unknown,8,400.00
mXKZjz7WZFkZ2cIyjXcL,Sony WH-1000XM5,unknown,unknown,9,400.00
mXKZjz7WZFkZ2cIyjXcL,Sony WH-1000XM5,unknown,unknown,10,400.00
mXKZjz7WZFkZ2cIyjXcL,Sony WH-1000XM5,unknown,unknown,11,400.00
mXKZjz7WZFkZ2cIyjXcL,Sony WH-1000XM5,unknown,unknown,12,400.00
mXKZjz7WZFkZ2cIyjXcL,Sony WH-1000XM5,unknown,unknown,13,400.00
mXKZjz7WZFkZ2cIyjXcL,Sony WH-1000XM5,unknown,unknown,14,400.00
mXKZjz7WZFkZ2cIyjXcL,Sony WH-1000XM5,unknown,unknown,15,400.00
mXKZjz7WZFkZ2cIyjXcL,Sony WH-1000XM5,unknown,unknown,16,400.00
mXKZjz7WZFkZ2cIyjXcL,Sony WH-1000XM5,unknown,unknown,17,400.00
mXKZjz7WZFkZ2cIyjXcL,Sony WH-1000XM5,unknown,unknown,18,400.00
mXKZjz7WZFkZ2cIyjXcL,Sony WH-1000XM5,unknown,unknown,19,400.00
mXKZjz7WZFkZ2cIyjXcL,Sony WH-1000XM5,unknown,unknown,20,400.00
mXKZjz7WZFkZ2cIyjXcL,Sony WH-1000XM5,unknown,unknown,21,400.00
mXKZjz7WZFkZ2cIyjXcL,Sony WH-1000XM5,unknown,unknown,22,400.00
mXKZjz7WZFkZ2cIyjXcL,Sony WH-1000XM5,unknown,unknown,23,400.00
mXKZjz7WZFkZ2cIyjXcL,Sony WH-1000XM5,unknown,unknown,24,400.00
mXKZjz7WZFkZ2cIyjXcL,Sony WH-1000XM5,unknown,unknown,25,400.00
mXKZjz7WZFkZ2cIyjXcL,Sony WH-1000XM5,unknown,unknown,26,400.00
mXKZjz7WZFkZ2cIyjXcL,Sony WH-1000XM5,unknown,unknown,27,400.00
mXKZjz7WZFkZ2cIyjXcL,Sony WH-1000XM5,unknown,unknown,28,400.00
mXKZjz7WZFkZ2cIyjXcL,Sony WH-1000XM5,unknown,unknown,29,400.00
mXKZjz7WZFkZ2cIyjXcL,Sony WH-1000XM5,unknown,unknown,30,400.00
mXKZjz7WZFkZ2cIyjXcL,Sony WH-1000XM5,unknown,unknown,31,400.00
mXKZjz7WZFkZ2cIyjXcL,Sony WH-1000XM5,unknown,unknown,32,400.00
mXKZjz7WZFkZ2cIyjXcL,Sony WH-1000XM5,unknown,unknown,33,400.00
mXKZjz7WZFkZ2cIyjXcL,Sony WH-1000XM5,unknown,unknown,34,400.00
mXKZjz7WZFkZ2cIyjXcL,Sony WH-1000XM5,unknown,unknown,35,400.00
mXKZjz7WZFkZ2cIyjXcL,Sony WH-1000XM5,unknown,unknown,36,400.00
mXKZjz7WZFkZ2cIyjXcL,Sony WH-1000XM5,unknown,unknown,37,400.00
mXKZjz7WZFkZ2cIyjXcL,Sony WH-1000XM5,unknown,unknown,38,400.00
mXKZjz7WZFkZ2cIyjXcL,Sony WH-1000XM5,unknown,unknown,39,400.00
mXKZjz7WZFkZ2cIyjXcL,Sony WH-1000XM5,unknown,unknown,40,400.00
mXKZjz7WZFkZ2cIyjXcL,Sony WH-1000XM5,unknown,unknown,41,400.00
mXKZjz7WZFkZ2cIyjXcL,Sony WH-1000XM5,unknown,unknown,42,400.00
mXKZjz7WZFkZ2cIyjXcL,Sony WH-1000XM5,unknown,unknown,43,400.00
mXKZjz7WZFkZ2cIyjXcL,Sony WH-1000XM5,unknown,unknown,44,400.00
mXKZjz7WZFkZ2cIyjXcL,Sony WH-1000XM5,unknown,unknown,45,400.00
mXKZjz7WZFkZ2cIyjXcL,Sony WH-1000XM5,unknown,unknown,46,400.00
mXKZjz7WZFkZ2cIyjXcL,Sony WH-1000XM5,unknown,unknown,47,400.00
mXKZjz7WZFkZ2cIyjXcL,Sony WH-1000XM5,unknown,unknown,48,400.00
mXKZjz7WZFkZ2cIyjXcL,Sony WH-1000XM5,unknown,unknown,49,400.00
mXKZjz7WZFkZ2cIyjXcL,Sony WH-1000XM5,unknown,unknown,50,400.00
mXKZjz7WZFkZ2cIyjXcL,Sony WH-1000XM5,unknown,unknown,51,400.00
mXKZjz7WZFkZ2cIyjXcL,Sony WH-1000XM5,unknown,unknown,52,400.00
mXKZjz7WZFkZ2cIyjXcL,Sony WH-1000XM5,unknown,unknown,53,400.00
mXKZjz7WZFkZ2cIyjXcL,Sony WH-1000XM5,unknown,unknown,54,400.00
mXKZjz7WZFkZ2cIyjXcL,Sony WH-1000XM5,unknown,unknown,55,400.00
mXKZjz7WZFkZ2cIyjXcL,Sony WH-1000XM5,unknown,unknown,56,400.00
mXKZjz7WZFkZ2cIyjXcL,Sony WH-1000XM5,unknown,unknown,57,400.00
mXKZjz7WZFkZ2cIyjXcL,Sony WH-1000XM5,unknown,unknown,58,400.00
mXKZjz7WZFkZ2cIyjXcL,Sony WH-1000XM5,unknown,unknown,59,400.00
mXKZjz7WZFkZ2cIyjXcL,Sony WH-1000XM5,unknown,unknown,60,400.00
mXKZjz7WZFkZ2cIyjXcL,Sony WH-1000XM5,unknown,unknown,61,400.00
mXKZjz7WZFkZ2cIyjXcL,Sony WH-1000XM5,unknown,unknown,62,400.00
mXKZjz7WZFkZ2cIyjXcL,Sony WH-1000XM5,unknown,unknown,63,400.00
mXKZjz7WZFkZ2cIyjXcL,Sony WH-1000XM5,unknown,unknown,64,400.00
mXKZjz7WZFkZ2cIyjXcL,Sony WH-1000XM5,unknown,unknown,65,400.00
mXKZjz7WZFkZ2cIyjXcL,Sony WH-1000XM5,unknown,unknown,66,400.00
mXKZjz7WZFkZ2cIyjXcL,Sony WH-1000XM5,unknown,unknown,67,400.00
mXKZjz7WZFkZ2cIyjXcL,Sony WH-1000XM5,unknown,unknown,68,400.00
mXKZjz7WZFkZ2cIyjXcL,Sony WH-1000XM5,unknown,unknown,69,400.00
mXKZjz7WZFkZ2cIyjXcL,Sony WH-1000XM5,unknown,unknown,70,400.00
mXKZjz7WZFkZ2cIyjXcL,Sony WH-1000XM5,unknown,unknown,71,400.00
mXKZjz7WZFkZ2cIyjXcL,Sony WH-1000XM5,unknown,unknown,72,400.00
mXKZjz7WZFkZ2cIyjXcL,Sony WH-1000XM5,unknown,unknown,73,400.00
mXKZjz7WZFkZ2cIyjXcL,Sony WH-1000XM5,unknown,unknown,74,400.00
mXKZjz7WZFkZ2cIyjXcL,Sony WH-1000XM5,unknown,unknown,75,400.00
mXKZjz7WZFkZ2cIyjXcL,Sony WH-1000XM5,unknown,unknown,76,400.00
mXKZjz7WZFkZ2cIyjXcL,Sony WH-1000XM5,unknown,unknown,77,400.00
mXKZjz7WZFkZ2cIyjXcL,Sony WH-1000XM5,unknown,unknown,78,400.00
mXKZjz7WZFkZ2cIyjXcL,Sony WH-1000XM5,unknown,unknown,79,400.00
mXKZjz7WZFkZ2cIyjXcL,Sony WH-1000XM5,unknown,unknown,80,400.00
mXKZjz7WZFkZ2cIyjXcL,Sony WH-1000XM5,unknown,unknown,81,400.00
mXKZjz7WZFkZ2cIyjXcL,Sony WH-1000XM5,unknown,unknown,82,400.00
mXKZjz7WZFkZ2cIyjXcL,Sony WH-1000XM5,unknown,unknown,83,400.00
mXKZjz7WZFkZ2cIyjXcL,Sony WH-1000XM5,unknown,unknown,84,400.00
mXKZjz7WZFkZ2cIyjXcL,Sony WH-1000XM5,unknown,unknown,85,400.00
mXKZjz7WZFkZ2cIyjXcL,Sony WH-1000XM5,unknown,unknown,86,400.00
mXKZjz7WZFkZ2cIyjXcL,Sony WH-1000XM5,unknown,unknown,87,400.00
mXKZjz7WZFkZ2cIyjXcL,Sony WH-1000XM5,unknown,unknown,88,400.00
mXKZjz7WZFkZ2cIyjXcL,Sony WH-1000XM5,unknown,unknown,89,400.00
mXKZjz7WZFkZ2cIyjXcL,Sony WH-1000XM5,unknown,unknown,90,400.00
mXKZjz7WZFkZ2cIyjXcL,Sony WH-1000XM5,unknown,unknown,91,400.00
mXKZjz7WZFkZ2cIyjXcL,Sony WH-1000XM5,unknown,unknown,92,400.00
mXKZjz7WZFkZ2cIyjXcL,Sony WH-1000XM5,unknown,unknown,93,400.00
mXKZjz7WZFkZ2cIyjXcL,Sony WH-1000XM5,unknown,unknown,94,400.00
mXKZjz7WZFkZ2cIyjXcL,Sony WH-1000XM5,unknown,unknown,95,400.00
mXKZjz7WZFkZ2cIyjXcL,Sony WH-1000XM5,unknown,unknown,96,400.00
mXKZjz7WZFkZ2cIyjXcL,Sony WH-1000XM5,unknown,unknown,97,400.00
mXKZjz7WZFkZ2cIyjXcL,Sony WH-1000XM5,unknown,unknown,98,400.00
mXKZjz7WZFkZ2cIyjXcL,Sony WH-1000XM5,unknown,unknown,99,400.00
mXKZjz7WZFkZ2cIyjXcL,Sony WH-1000XM5,unknown,unknown,100,400.00
mXKZjz7WZFkZ2cIyjXcL,Sony WH-1000XM5,unknown,unknown,101,400.00
mXKZjz7WZFkZ2cIyjXcL,Sony WH-1000XM5,unknown,unknown,102,400.00
mXKZjz7WZFkZ2cIyjXcL,Sony WH-1000XM5,unknown,unknown,103,400.00
mXKZjz7WZFkZ2cIyjXcL,Sony WH-1000XM5,unknown,unknown,104,400.00
mXKZjz7WZFkZ2cIyjXcL,Sony WH-1000XM5,unknown,unknown,105,400.00
mXKZjz7WZFkZ2cIyjXcL,Sony WH-1000XM5,unknown,unknown,106,400.00
mXKZjz7WZFkZ2cIyjXcL,Sony WH-1000XM5,unknown,unknown,107,400.00
mXKZjz7WZFkZ2cIyjXcL,Sony WH-1000XM5,unknown,unknown,108,400.00
mXKZjz7WZFkZ2cIyjXcL,Sony WH-1000XM5,unknown,unknown,109,400.00
mXKZjz7WZFkZ2cIyjXcL,Sony WH-1000XM5,unknown,unknown,110,400.00
mXKZjz7WZFkZ2cIyjXcL,Sony WH-1000XM5,unknown,unknown,111,400.00
mXKZjz7WZFkZ2cIyjXcL,Sony WH-1000XM5,unknown,unknown,112,400.00
mXKZjz7WZFkZ2cIyjXcL,Sony WH-1000XM5,unknown,unknown,113,400.00
mXKZjz7WZFkZ2cIyjXcL,Sony WH-1000XM5,unknown,unknown,114,400.00
mXKZjz7WZFkZ2cIyjXcL,Sony WH-1000XM5,unknown,unknown,115,400.00
mXKZjz7WZFkZ2cIyjXcL,Sony WH-1000XM5,unknown,unknown,116,400.00
mXKZjz7WZFkZ2cIyjXcL,Sony WH-1000XM5,unknown,unknown,117,400.00
mXKZjz7WZFkZ2cIyjXcL,Sony WH-1000XM5,unknown,unknown,118,400.00
mXKZjz7WZFkZ2cIyjXcL,Sony WH-1000XM5,unknown,unknown,119,400.00
mXKZjz7WZFkZ2cIyjXcL,Sony WH-1000XM5,unknown,unknown,120,400.00
mXKZjz7WZFkZ2cIyjXcL,Sony WH-1000XM5,unknown,unknown,121,400.00
mXKZjz7WZFkZ2cIyjXcL,Sony WH-1000XM5,unknown,unknown,122,400.00
mXKZjz7WZFkZ2cIyjXcL,Sony WH-1000XM5,unknown,unknown,123,400.00
mXKZjz7WZFkZ2cIyjXcL,Sony WH-1000XM5,unknown,unknown,124,400.00
mXKZjz7WZFkZ2cIyjXcL,Sony WH-1000XM5,unknown,unknown,125,400.00
mXKZjz7WZFkZ2cIyjXcL,Sony WH-1000XM5,unknown,unknown,126,400.00
mXKZjz7WZFkZ2cIyjXcL,Sony WH-1000XM5,unknown,unknown,127,400.00
mXKZjz7WZFkZ2cIyjXcL,Sony WH-1000XM5,unknown,unknown,128,400.00
rj8z1Rubxd5PRPFtQqYI,fasdfas,unknown,unknown,1,1232.00
rj8z1Rubxd5PRPFtQqYI,fasdfas,unknown,unknown,2,1232.00
rj8z1Rubxd5PRPFtQqYI,fasdfas,unknown,unknown,3,1232.00
rj8z1Rubxd5PRPFtQqYI,fasdfas,unknown,unknown,4,1232.00
rj8z1Rubxd5PRPFtQqYI,fasdfas,unknown,unknown,5,1232.00